<?xml version="1.0" encoding="UTF-8"?>
<gpx version="1.1" creator="travel-planner" xmlns="http://www.topografix.com/GPX/1/1">
<metadata><name>厦门 行程路线图</name></metadata>
<wpt lat="24.454104" lon="118.081903"><name>中山路步行街</name><desc>老虎城四楼天台可拍全景(10元)；中华城免费</desc></wpt>
<wpt lat="24.457902" lon="118.075017"><name>厦门八市（营平菜市场）</name><desc>看热闹为主，海鲜加工慎重；阿杰五香等小吃在此</desc></wpt>
<wpt lat="24.461247" lon="118.088955"><name>老溪岸沙茶面</name><desc></desc></wpt>
<wpt lat="24.572373" lon="118.103353"><name>集美学村</name><desc>地铁1号线直达；龙舟池/鳌园/嘉庚故居/大社戏台</desc></wpt>
<wpt lat="24.563722" lon="118.089475"><name>十里长堤（集美）</name><desc>地铁穿海+日落+不定期免费演出</desc></wpt>
<trk><name>Day1 老城烟火+集美学村（1号线沿线）</name><trkseg>
<trkpt lat="24.454102" lon="118.081901"></trkpt>
<trkpt lat="24.454102" lon="118.081901"></trkpt>
<trkpt lat="24.454102" lon="118.081901"></trkpt>
<trkpt lat="24.454045" lon="118.081259"></trkpt>
<trkpt lat="24.454045" lon="118.081259"></trkpt>
<trkpt lat="24.454023" lon="118.081055"></trkpt>
<trkpt lat="24.453976" lon="118.080521"></trkpt>
<trkpt lat="24.453976" lon="118.080521"></trkpt>
<trkpt lat="24.453954" lon="118.080252"></trkpt>
<trkpt lat="24.453954" lon="118.080252"></trkpt>
<trkpt lat="24.453798" lon="118.078637"></trkpt>
<trkpt lat="24.453793" lon="118.078633"></trkpt>
<trkpt lat="24.45398" lon="118.078498"></trkpt>
<trkpt lat="24.45398" lon="118.078498"></trkpt>
<trkpt lat="24.454718" lon="118.077934"></trkpt>
<trkpt lat="24.454718" lon="118.077934"></trkpt>
<trkpt lat="24.455013" lon="118.077708"></trkpt>
<trkpt lat="24.455013" lon="118.077708"></trkpt>
<trkpt lat="24.455156" lon="118.077517"></trkpt>
<trkpt lat="24.455221" lon="118.077348"></trkpt>
<trkpt lat="24.455243" lon="118.077244"></trkpt>
<trkpt lat="24.455226" lon="118.077027"></trkpt>
<trkpt lat="24.455226" lon="118.077027"></trkpt>
<trkpt lat="24.455113" lon="118.076771"></trkpt>
<trkpt lat="24.455109" lon="118.076766"></trkpt>
<trkpt lat="24.455386" lon="118.076641"></trkpt>
<trkpt lat="24.455386" lon="118.076636"></trkpt>
<trkpt lat="24.455295" lon="118.076415"></trkpt>
<trkpt lat="24.455291" lon="118.076411"></trkpt>
<trkpt lat="24.455547" lon="118.076263"></trkpt>
<trkpt lat="24.455547" lon="118.076263"></trkpt>
<trkpt lat="24.455564" lon="118.07625"></trkpt>
<trkpt lat="24.455707" lon="118.076141"></trkpt>
<trkpt lat="24.455707" lon="118.076141"></trkpt>
<trkpt lat="24.456011" lon="118.075911"></trkpt>
<trkpt lat="24.456011" lon="118.075911"></trkpt>
<trkpt lat="24.45622" lon="118.075816"></trkpt>
<trkpt lat="24.456523" lon="118.075638"></trkpt>
<trkpt lat="24.456523" lon="118.075638"></trkpt>
<trkpt lat="24.456936" lon="118.075386"></trkpt>
<trkpt lat="24.456936" lon="118.075386"></trkpt>
<trkpt lat="24.4574" lon="118.075208"></trkpt>
<trkpt lat="24.4574" lon="118.075208"></trkpt>
<trkpt lat="24.457496" lon="118.075178"></trkpt>
<trkpt lat="24.457496" lon="118.075178"></trkpt>
<trkpt lat="24.457661" lon="118.075109"></trkpt>
<trkpt lat="24.457773" lon="118.075043"></trkpt>
<trkpt lat="24.457869" lon="118.07497"></trkpt>
<trkpt lat="24.457869" lon="118.074965"></trkpt>
<trkpt lat="24.457778" lon="118.075039"></trkpt>
<trkpt lat="24.457665" lon="118.075104"></trkpt>
<trkpt lat="24.4575" lon="118.075174"></trkpt>
<trkpt lat="24.4575" lon="118.075174"></trkpt>
<trkpt lat="24.457405" lon="118.075204"></trkpt>
<trkpt lat="24.457405" lon="118.075204"></trkpt>
<trkpt lat="24.45694" lon="118.075382"></trkpt>
<trkpt lat="24.456936" lon="118.075382"></trkpt>
<trkpt lat="24.457127" lon="118.075994"></trkpt>
<trkpt lat="24.457127" lon="118.075994"></trkpt>
<trkpt lat="24.457153" lon="118.076089"></trkpt>
<trkpt lat="24.457218" lon="118.076207"></trkpt>
<trkpt lat="24.457218" lon="118.076207"></trkpt>
<trkpt lat="24.457344" lon="118.076411"></trkpt>
<trkpt lat="24.457344" lon="118.076411"></trkpt>
<trkpt lat="24.457474" lon="118.076615"></trkpt>
<trkpt lat="24.457474" lon="118.076615"></trkpt>
<trkpt lat="24.45793" lon="118.077309"></trkpt>
<trkpt lat="24.45793" lon="118.077309"></trkpt>
<trkpt lat="24.458199" lon="118.077717"></trkpt>
<trkpt lat="24.458199" lon="118.077717"></trkpt>
<trkpt lat="24.458234" lon="118.077769"></trkpt>
<trkpt lat="24.458234" lon="118.077769"></trkpt>
<trkpt lat="24.458529" lon="118.07822"></trkpt>
<trkpt lat="24.458529" lon="118.07822"></trkpt>
<trkpt lat="24.45865" lon="118.078385"></trkpt>
<trkpt lat="24.458793" lon="118.078533"></trkpt>
<trkpt lat="24.458889" lon="118.078585"></trkpt>
<trkpt lat="24.45911" lon="118.078637"></trkpt>
<trkpt lat="24.45911" lon="118.078637"></trkpt>
<trkpt lat="24.459839" lon="118.078724"></trkpt>
<trkpt lat="24.459839" lon="118.078724"></trkpt>
<trkpt lat="24.459931" lon="118.079049"></trkpt>
<trkpt lat="24.459931" lon="118.079049"></trkpt>
<trkpt lat="24.460022" lon="118.079449"></trkpt>
<trkpt lat="24.460022" lon="118.079449"></trkpt>
<trkpt lat="24.460082" lon="118.079753"></trkpt>
<trkpt lat="24.460082" lon="118.079753"></trkpt>
<trkpt lat="24.460126" lon="118.079983"></trkpt>
<trkpt lat="24.460126" lon="118.079983"></trkpt>
<trkpt lat="24.460161" lon="118.080161"></trkpt>
<trkpt lat="24.460161" lon="118.080161"></trkpt>
<trkpt lat="24.460243" lon="118.080512"></trkpt>
<trkpt lat="24.460243" lon="118.080512"></trkpt>
<trkpt lat="24.460321" lon="118.080855"></trkpt>
<trkpt lat="24.460321" lon="118.080855"></trkpt>
<trkpt lat="24.460365" lon="118.08105"></trkpt>
<trkpt lat="24.460412" lon="118.081293"></trkpt>
<trkpt lat="24.460412" lon="118.081293"></trkpt>
<trkpt lat="24.460573" lon="118.082179"></trkpt>
<trkpt lat="24.460573" lon="118.082179"></trkpt>
<trkpt lat="24.460703" lon="118.082773"></trkpt>
<trkpt lat="24.460703" lon="118.082773"></trkpt>
<trkpt lat="24.460803" lon="118.083264"></trkpt>
<trkpt lat="24.460803" lon="118.083264"></trkpt>
<trkpt lat="24.460933" lon="118.083798"></trkpt>
<trkpt lat="24.460933" lon="118.083798"></trkpt>
<trkpt lat="24.460955" lon="118.083906"></trkpt>
<trkpt lat="24.460955" lon="118.083906"></trkpt>
<trkpt lat="24.460981" lon="118.084015"></trkpt>
<trkpt lat="24.460981" lon="118.084015"></trkpt>
<trkpt lat="24.461046" lon="118.084336"></trkpt>
<trkpt lat="24.461046" lon="118.084336"></trkpt>
<trkpt lat="24.461163" lon="118.084922"></trkpt>
<trkpt lat="24.461163" lon="118.084922"></trkpt>
<trkpt lat="24.461224" lon="118.085156"></trkpt>
<trkpt lat="24.461224" lon="118.085156"></trkpt>
<trkpt lat="24.461367" lon="118.085773"></trkpt>
<trkpt lat="24.461367" lon="118.085773"></trkpt>
<trkpt lat="24.461619" lon="118.086953"></trkpt>
<trkpt lat="24.461619" lon="118.086953"></trkpt>
<trkpt lat="24.461085" lon="118.087604"></trkpt>
<trkpt lat="24.461085" lon="118.087604"></trkpt>
<trkpt lat="24.461024" lon="118.087682"></trkpt>
<trkpt lat="24.461024" lon="118.087682"></trkpt>
<trkpt lat="24.460807" lon="118.087934"></trkpt>
<trkpt lat="24.460803" lon="118.087934"></trkpt>
<trkpt lat="24.461311" lon="118.088338"></trkpt>
<trkpt lat="24.461311" lon="118.088338"></trkpt>
<trkpt lat="24.46122" lon="118.08895"></trkpt>
<trkpt lat="24.461215" lon="118.08895"></trkpt>
<trkpt lat="24.461211" lon="118.089015"></trkpt>
<trkpt lat="24.461211" lon="118.089015"></trkpt>
<trkpt lat="24.461545" lon="118.089015"></trkpt>
<trkpt lat="24.461545" lon="118.089015"></trkpt>
<trkpt lat="24.462092" lon="118.088997"></trkpt>
<trkpt lat="24.462092" lon="118.088993"></trkpt>
<trkpt lat="24.462344" lon="118.090074"></trkpt>
<trkpt lat="24.462344" lon="118.090074"></trkpt>
<trkpt lat="24.46263" lon="118.091224"></trkpt>
<trkpt lat="24.46263" lon="118.091224"></trkpt>
<trkpt lat="24.462665" lon="118.09138"></trkpt>
<trkpt lat="24.462665" lon="118.09138"></trkpt>
<trkpt lat="24.462817" lon="118.091944"></trkpt>
<trkpt lat="24.462817" lon="118.091944"></trkpt>
<trkpt lat="24.46316" lon="118.093112"></trkpt>
<trkpt lat="24.46316" lon="118.093112"></trkpt>
<trkpt lat="24.463199" lon="118.093242"></trkpt>
<trkpt lat="24.463199" lon="118.093242"></trkpt>
<trkpt lat="24.463346" lon="118.093203"></trkpt>
<trkpt lat="24.463346" lon="118.093203"></trkpt>
<trkpt lat="24.463741" lon="118.093047"></trkpt>
<trkpt lat="24.463741" lon="118.093047"></trkpt>
<trkpt lat="24.464063" lon="118.092917"></trkpt>
<trkpt lat="24.464063" lon="118.092917"></trkpt>
<trkpt lat="24.464197" lon="118.092917"></trkpt>
<trkpt lat="24.464722" lon="118.092791"></trkpt>
<trkpt lat="24.464905" lon="118.092726"></trkpt>
<trkpt lat="24.464905" lon="118.092726"></trkpt>
<trkpt lat="24.465317" lon="118.092569"></trkpt>
<trkpt lat="24.465404" lon="118.092548"></trkpt>
<trkpt lat="24.465404" lon="118.092548"></trkpt>
<trkpt lat="24.465833" lon="118.092444"></trkpt>
<trkpt lat="24.465833" lon="118.092444"></trkpt>
<trkpt lat="24.466493" lon="118.092248"></trkpt>
<trkpt lat="24.466493" lon="118.092248"></trkpt>
<trkpt lat="24.466549" lon="118.092227"></trkpt>
<trkpt lat="24.46697" lon="118.092066"></trkpt>
<trkpt lat="24.46697" lon="118.092066"></trkpt>
<trkpt lat="24.467409" lon="118.091884"></trkpt>
<trkpt lat="24.467409" lon="118.091884"></trkpt>
<trkpt lat="24.467873" lon="118.091688"></trkpt>
<trkpt lat="24.467912" lon="118.091619"></trkpt>
<trkpt lat="24.467912" lon="118.091619"></trkpt>
<trkpt lat="24.468134" lon="118.091532"></trkpt>
<trkpt lat="24.468134" lon="118.091532"></trkpt>
<trkpt lat="24.468424" lon="118.091419"></trkpt>
<trkpt lat="24.468424" lon="118.091415"></trkpt>
<trkpt lat="24.468542" lon="118.091428"></trkpt>
<trkpt lat="24.468542" lon="118.091428"></trkpt>
<trkpt lat="24.468589" lon="118.091432"></trkpt>
<trkpt lat="24.468637" lon="118.091458"></trkpt>
<trkpt lat="24.468633" lon="118.091458"></trkpt>
<trkpt lat="24.46872" lon="118.091341"></trkpt>
<trkpt lat="24.46872" lon="118.091341"></trkpt>
<trkpt lat="24.468724" lon="118.091341"></trkpt>
<trkpt lat="24.468859" lon="118.091341"></trkpt>
<trkpt lat="24.468854" lon="118.091332"></trkpt>
<trkpt lat="24.469071" lon="118.091606"></trkpt>
<trkpt lat="24.469071" lon="118.091606"></trkpt>
<trkpt lat="24.469071" lon="118.09161"></trkpt>
<trkpt lat="24.469175" lon="118.09148"></trkpt>
<trkpt lat="24.469223" lon="118.091441"></trkpt>
<trkpt lat="24.469371" lon="118.091376"></trkpt>
<trkpt lat="24.469371" lon="118.091372"></trkpt>
<trkpt lat="24.46947" lon="118.091424"></trkpt>
<trkpt lat="24.46947" lon="118.091424"></trkpt>
<trkpt lat="24.469527" lon="118.09145"></trkpt>
<trkpt lat="24.469714" lon="118.09148"></trkpt>
<trkpt lat="24.469714" lon="118.09148"></trkpt>
<trkpt lat="24.470182" lon="118.091576"></trkpt>
<trkpt lat="24.470182" lon="118.091576"></trkpt>
<trkpt lat="24.470508" lon="118.091654"></trkpt>
<trkpt lat="24.470508" lon="118.091654"></trkpt>
<trkpt lat="24.471892" lon="118.091923"></trkpt>
<trkpt lat="24.472257" lon="118.091979"></trkpt>
<trkpt lat="24.472418" lon="118.091992"></trkpt>
<trkpt lat="24.472418" lon="118.091992"></trkpt>
<trkpt lat="24.472591" lon="118.092001"></trkpt>
<trkpt lat="24.472591" lon="118.092001"></trkpt>
<trkpt lat="24.473056" lon="118.091979"></trkpt>
<trkpt lat="24.473312" lon="118.091936"></trkpt>
<trkpt lat="24.473312" lon="118.091931"></trkpt>
<trkpt lat="24.473403" lon="118.09227"></trkpt>
<trkpt lat="24.473403" lon="118.09227"></trkpt>
<trkpt lat="24.473485" lon="118.092504"></trkpt>
<trkpt lat="24.473598" lon="118.092726"></trkpt>
<trkpt lat="24.473598" lon="118.092726"></trkpt>
<trkpt lat="24.473668" lon="118.092839"></trkpt>
<trkpt lat="24.473798" lon="118.093003"></trkpt>
<trkpt lat="24.473798" lon="118.093003"></trkpt>
<trkpt lat="24.473941" lon="118.093138"></trkpt>
<trkpt lat="24.473941" lon="118.093138"></trkpt>
<trkpt lat="24.474119" lon="118.093255"></trkpt>
<trkpt lat="24.474388" lon="118.093372"></trkpt>
<trkpt lat="24.474388" lon="118.093372"></trkpt>
<trkpt lat="24.474614" lon="118.093498"></trkpt>
<trkpt lat="24.474614" lon="118.093498"></trkpt>
<trkpt lat="24.474779" lon="118.093594"></trkpt>
<trkpt lat="24.474779" lon="118.093594"></trkpt>
<trkpt lat="24.474965" lon="118.093733"></trkpt>
<trkpt lat="24.474965" lon="118.093733"></trkpt>
<trkpt lat="24.475178" lon="118.093915"></trkpt>
<trkpt lat="24.475382" lon="118.094188"></trkpt>
<trkpt lat="24.475664" lon="118.094792"></trkpt>
<trkpt lat="24.475664" lon="118.094792"></trkpt>
<trkpt lat="24.47569" lon="118.094844"></trkpt>
<trkpt lat="24.47569" lon="118.094844"></trkpt>
<trkpt lat="24.475747" lon="118.094935"></trkpt>
<trkpt lat="24.475747" lon="118.094935"></trkpt>
<trkpt lat="24.475885" lon="118.095204"></trkpt>
<trkpt lat="24.475885" lon="118.095204"></trkpt>
<trkpt lat="24.476185" lon="118.095751"></trkpt>
<trkpt lat="24.476185" lon="118.095751"></trkpt>
<trkpt lat="24.476471" lon="118.096298"></trkpt>
<trkpt lat="24.476471" lon="118.096298"></trkpt>
<trkpt lat="24.476636" lon="118.096623"></trkpt>
<trkpt lat="24.476636" lon="118.096623"></trkpt>
<trkpt lat="24.476936" lon="118.097227"></trkpt>
<trkpt lat="24.476936" lon="118.097227"></trkpt>
<trkpt lat="24.477383" lon="118.096957"></trkpt>
<trkpt lat="24.477383" lon="118.096957"></trkpt>
<trkpt lat="24.477535" lon="118.096862"></trkpt>
<trkpt lat="24.478255" lon="118.096415"></trkpt>
<trkpt lat="24.478255" lon="118.096415"></trkpt>
<trkpt lat="24.478655" lon="118.096168"></trkpt>
<trkpt lat="24.478655" lon="118.096168"></trkpt>
<trkpt lat="24.47921" lon="118.095825"></trkpt>
<trkpt lat="24.47921" lon="118.095825"></trkpt>
<trkpt lat="24.479271" lon="118.095786"></trkpt>
<trkpt lat="24.479271" lon="118.095786"></trkpt>
<trkpt lat="24.479293" lon="118.095755"></trkpt>
<trkpt lat="24.479336" lon="118.095729"></trkpt>
<trkpt lat="24.479436" lon="118.095664"></trkpt>
<trkpt lat="24.479575" lon="118.095577"></trkpt>
<trkpt lat="24.479575" lon="118.095577"></trkpt>
<trkpt lat="24.479735" lon="118.095482"></trkpt>
<trkpt lat="24.479766" lon="118.095473"></trkpt>
<trkpt lat="24.479766" lon="118.095473"></trkpt>
<trkpt lat="24.479792" lon="118.095443"></trkpt>
<trkpt lat="24.479887" lon="118.095378"></trkpt>
<trkpt lat="24.479887" lon="118.095378"></trkpt>
<trkpt lat="24.479948" lon="118.095334"></trkpt>
<trkpt lat="24.480004" lon="118.095326"></trkpt>
<trkpt lat="24.480004" lon="118.095321"></trkpt>
<trkpt lat="24.480052" lon="118.09526"></trkpt>
<trkpt lat="24.480291" lon="118.0951"></trkpt>
<trkpt lat="24.480291" lon="118.0951"></trkpt>
<trkpt lat="24.480456" lon="118.094996"></trkpt>
<trkpt lat="24.480456" lon="118.094996"></trkpt>
<trkpt lat="24.480534" lon="118.094944"></trkpt>
<trkpt lat="24.480586" lon="118.094944"></trkpt>
<trkpt lat="24.480586" lon="118.094944"></trkpt>
<trkpt lat="24.48059" lon="118.094939"></trkpt>
<trkpt lat="24.480712" lon="118.094883"></trkpt>
<trkpt lat="24.480712" lon="118.094883"></trkpt>
<trkpt lat="24.480998" lon="118.094761"></trkpt>
<trkpt lat="24.481224" lon="118.094709"></trkpt>
<trkpt lat="24.481224" lon="118.094709"></trkpt>
<trkpt lat="24.481684" lon="118.094657"></trkpt>
<trkpt lat="24.481684" lon="118.094657"></trkpt>
<trkpt lat="24.482387" lon="118.094549"></trkpt>
<trkpt lat="24.482387" lon="118.094549"></trkpt>
<trkpt lat="24.483542" lon="118.09434"></trkpt>
<trkpt lat="24.483542" lon="118.09434"></trkpt>
<trkpt lat="24.484045" lon="118.094249"></trkpt>
<trkpt lat="24.484045" lon="118.094249"></trkpt>
<trkpt lat="24.484097" lon="118.094236"></trkpt>
<trkpt lat="24.484097" lon="118.094236"></trkpt>
<trkpt lat="24.484375" lon="118.094188"></trkpt>
<trkpt lat="24.484375" lon="118.094188"></trkpt>
<trkpt lat="24.4849" lon="118.094097"></trkpt>
<trkpt lat="24.4849" lon="118.094097"></trkpt>
<trkpt lat="24.486189" lon="118.09385"></trkpt>
<trkpt lat="24.486411" lon="118.093798"></trkpt>
<trkpt lat="24.486411" lon="118.093798"></trkpt>
<trkpt lat="24.486597" lon="118.09375"></trkpt>
<trkpt lat="24.486597" lon="118.09375"></trkpt>
<trkpt lat="24.486658" lon="118.093733"></trkpt>
<trkpt lat="24.486658" lon="118.093733"></trkpt>
<trkpt lat="24.486771" lon="118.093707"></trkpt>
<trkpt lat="24.486771" lon="118.093707"></trkpt>
<trkpt lat="24.487044" lon="118.093641"></trkpt>
<trkpt lat="24.487044" lon="118.093641"></trkpt>
<trkpt lat="24.48707" lon="118.093637"></trkpt>
<trkpt lat="24.48707" lon="118.093637"></trkpt>
<trkpt lat="24.487331" lon="118.093542"></trkpt>
<trkpt lat="24.487908" lon="118.093437"></trkpt>
<trkpt lat="24.487908" lon="118.093437"></trkpt>
<trkpt lat="24.488303" lon="118.093338"></trkpt>
<trkpt lat="24.488303" lon="118.093338"></trkpt>
<trkpt lat="24.488524" lon="118.093238"></trkpt>
<trkpt lat="24.488581" lon="118.093212"></trkpt>
<trkpt lat="24.488581" lon="118.093212"></trkpt>
<trkpt lat="24.488681" lon="118.093043"></trkpt>
<trkpt lat="24.48898" lon="118.092869"></trkpt>
<trkpt lat="24.48898" lon="118.092869"></trkpt>
<trkpt lat="24.489002" lon="118.09286"></trkpt>
<trkpt lat="24.489002" lon="118.09286"></trkpt>
<trkpt lat="24.489306" lon="118.092756"></trkpt>
<trkpt lat="24.48951" lon="118.092756"></trkpt>
<trkpt lat="24.489514" lon="118.092756"></trkpt>
<trkpt lat="24.489622" lon="118.092817"></trkpt>
<trkpt lat="24.489622" lon="118.092817"></trkpt>
<trkpt lat="24.489692" lon="118.092856"></trkpt>
<trkpt lat="24.489692" lon="118.092856"></trkpt>
<trkpt lat="24.490239" lon="118.093147"></trkpt>
<trkpt lat="24.490239" lon="118.093151"></trkpt>
<trkpt lat="24.490456" lon="118.092708"></trkpt>
<trkpt lat="24.490456" lon="118.092708"></trkpt>
<trkpt lat="24.490842" lon="118.09191"></trkpt>
<trkpt lat="24.490842" lon="118.09191"></trkpt>
<trkpt lat="24.490872" lon="118.091845"></trkpt>
<trkpt lat="24.490872" lon="118.091845"></trkpt>
<trkpt lat="24.490955" lon="118.091693"></trkpt>
<trkpt lat="24.490955" lon="118.091693"></trkpt>
<trkpt lat="24.49122" lon="118.091094"></trkpt>
<trkpt lat="24.49122" lon="118.091094"></trkpt>
<trkpt lat="24.491233" lon="118.091063"></trkpt>
<trkpt lat="24.491233" lon="118.091063"></trkpt>
<trkpt lat="24.491688" lon="118.089918"></trkpt>
<trkpt lat="24.491688" lon="118.089918"></trkpt>
<trkpt lat="24.491727" lon="118.089813"></trkpt>
<trkpt lat="24.491727" lon="118.089813"></trkpt>
<trkpt lat="24.491923" lon="118.089301"></trkpt>
<trkpt lat="24.491923" lon="118.089301"></trkpt>
<trkpt lat="24.492161" lon="118.088615"></trkpt>
<trkpt lat="24.492305" lon="118.088069"></trkpt>
<trkpt lat="24.492305" lon="118.088064"></trkpt>
<trkpt lat="24.493181" lon="118.087938"></trkpt>
<trkpt lat="24.493181" lon="118.087938"></trkpt>
<trkpt lat="24.493524" lon="118.087882"></trkpt>
<trkpt lat="24.493524" lon="118.087882"></trkpt>
<trkpt lat="24.493681" lon="118.08786"></trkpt>
<trkpt lat="24.493681" lon="118.08786"></trkpt>
<trkpt lat="24.493789" lon="118.087843"></trkpt>
<trkpt lat="24.493789" lon="118.087843"></trkpt>
<trkpt lat="24.494102" lon="118.087804"></trkpt>
<trkpt lat="24.494102" lon="118.087804"></trkpt>
<trkpt lat="24.494527" lon="118.087739"></trkpt>
<trkpt lat="24.494527" lon="118.087739"></trkpt>
<trkpt lat="24.495017" lon="118.087713"></trkpt>
<trkpt lat="24.495017" lon="118.087713"></trkpt>
<trkpt lat="24.495686" lon="118.087708"></trkpt>
<trkpt lat="24.495686" lon="118.087708"></trkpt>
<trkpt lat="24.496332" lon="118.087708"></trkpt>
<trkpt lat="24.496332" lon="118.087708"></trkpt>
<trkpt lat="24.496853" lon="118.087708"></trkpt>
<trkpt lat="24.496853" lon="118.087708"></trkpt>
<trkpt lat="24.497279" lon="118.087708"></trkpt>
<trkpt lat="24.497279" lon="118.087708"></trkpt>
<trkpt lat="24.497387" lon="118.087708"></trkpt>
<trkpt lat="24.497387" lon="118.087708"></trkpt>
<trkpt lat="24.49819" lon="118.087708"></trkpt>
<trkpt lat="24.49819" lon="118.087708"></trkpt>
<trkpt lat="24.498451" lon="118.087704"></trkpt>
<trkpt lat="24.498451" lon="118.087704"></trkpt>
<trkpt lat="24.49895" lon="118.087687"></trkpt>
<trkpt lat="24.49895" lon="118.087682"></trkpt>
<trkpt lat="24.498989" lon="118.087626"></trkpt>
<trkpt lat="24.498989" lon="118.087626"></trkpt>
<trkpt lat="24.499049" lon="118.087474"></trkpt>
<trkpt lat="24.499049" lon="118.087474"></trkpt>
<trkpt lat="24.499297" lon="118.086693"></trkpt>
<trkpt lat="24.499297" lon="118.086688"></trkpt>
<trkpt lat="24.49951" lon="118.08678"></trkpt>
<trkpt lat="24.499735" lon="118.086879"></trkpt>
<trkpt lat="24.499735" lon="118.086879"></trkpt>
<trkpt lat="24.500378" lon="118.087161"></trkpt>
<trkpt lat="24.500378" lon="118.087161"></trkpt>
<trkpt lat="24.50082" lon="118.087413"></trkpt>
<trkpt lat="24.501263" lon="118.087717"></trkpt>
<trkpt lat="24.501263" lon="118.087717"></trkpt>
<trkpt lat="24.501576" lon="118.087969"></trkpt>
<trkpt lat="24.501888" lon="118.088268"></trkpt>
<trkpt lat="24.502101" lon="118.088498"></trkpt>
<trkpt lat="24.502352" lon="118.088819"></trkpt>
<trkpt lat="24.502352" lon="118.088819"></trkpt>
<trkpt lat="24.502426" lon="118.088915"></trkpt>
<trkpt lat="24.502426" lon="118.088915"></trkpt>
<trkpt lat="24.502548" lon="118.089058"></trkpt>
<trkpt lat="24.502839" lon="118.08947"></trkpt>
<trkpt lat="24.502839" lon="118.08947"></trkpt>
<trkpt lat="24.502899" lon="118.08954"></trkpt>
<trkpt lat="24.502899" lon="118.08954"></trkpt>
<trkpt lat="24.503086" lon="118.089392"></trkpt>
<trkpt lat="24.503086" lon="118.089388"></trkpt>
<trkpt lat="24.503377" lon="118.089588"></trkpt>
<trkpt lat="24.504223" lon="118.090629"></trkpt>
<trkpt lat="24.504679" lon="118.09115"></trkpt>
<trkpt lat="24.504679" lon="118.09115"></trkpt>
<trkpt lat="24.5051" lon="118.091562"></trkpt>
<trkpt lat="24.505586" lon="118.091923"></trkpt>
<trkpt lat="24.505959" lon="118.092144"></trkpt>
<trkpt lat="24.506467" lon="118.0924"></trkpt>
<trkpt lat="24.506923" lon="118.092552"></trkpt>
<trkpt lat="24.506923" lon="118.092552"></trkpt>
<trkpt lat="24.507027" lon="118.092587"></trkpt>
<trkpt lat="24.507027" lon="118.092587"></trkpt>
<trkpt lat="24.507209" lon="118.092643"></trkpt>
<trkpt lat="24.507209" lon="118.092643"></trkpt>
<trkpt lat="24.509219" lon="118.093164"></trkpt>
<trkpt lat="24.509219" lon="118.093164"></trkpt>
<trkpt lat="24.509744" lon="118.093299"></trkpt>
<trkpt lat="24.509744" lon="118.093299"></trkpt>
<trkpt lat="24.510495" lon="118.093498"></trkpt>
<trkpt lat="24.510521" lon="118.093503"></trkpt>
<trkpt lat="24.510521" lon="118.093503"></trkpt>
<trkpt lat="24.510764" lon="118.093568"></trkpt>
<trkpt lat="24.510764" lon="118.093568"></trkpt>
<trkpt lat="24.510851" lon="118.093589"></trkpt>
<trkpt lat="24.510851" lon="118.093589"></trkpt>
<trkpt lat="24.513225" lon="118.094223"></trkpt>
<trkpt lat="24.513225" lon="118.094223"></trkpt>
<trkpt lat="24.515104" lon="118.094705"></trkpt>
<trkpt lat="24.517079" lon="118.095178"></trkpt>
<trkpt lat="24.517079" lon="118.095178"></trkpt>
<trkpt lat="24.517218" lon="118.095208"></trkpt>
<trkpt lat="24.517218" lon="118.095208"></trkpt>
<trkpt lat="24.518199" lon="118.095456"></trkpt>
<trkpt lat="24.519102" lon="118.09566"></trkpt>
<trkpt lat="24.519102" lon="118.09566"></trkpt>
<trkpt lat="24.521263" lon="118.096211"></trkpt>
<trkpt lat="24.521263" lon="118.096211"></trkpt>
<trkpt lat="24.52148" lon="118.096267"></trkpt>
<trkpt lat="24.5224" lon="118.096502"></trkpt>
<trkpt lat="24.522747" lon="118.096632"></trkpt>
<trkpt lat="24.522839" lon="118.09668"></trkpt>
<trkpt lat="24.522839" lon="118.09668"></trkpt>
<trkpt lat="24.522921" lon="118.096714"></trkpt>
<trkpt lat="24.522921" lon="118.096714"></trkpt>
<trkpt lat="24.523043" lon="118.096775"></trkpt>
<trkpt lat="24.523364" lon="118.096962"></trkpt>
<trkpt lat="24.523698" lon="118.097201"></trkpt>
<trkpt lat="24.525799" lon="118.098793"></trkpt>
<trkpt lat="24.526402" lon="118.099258"></trkpt>
<trkpt lat="24.526567" lon="118.099397"></trkpt>
<trkpt lat="24.526706" lon="118.099709"></trkpt>
<trkpt lat="24.526706" lon="118.099709"></trkpt>
<trkpt lat="24.527266" lon="118.10013"></trkpt>
<trkpt lat="24.527266" lon="118.10013"></trkpt>
<trkpt lat="24.527426" lon="118.100074"></trkpt>
<trkpt lat="24.528989" lon="118.101237"></trkpt>
<trkpt lat="24.529084" lon="118.101276"></trkpt>
<trkpt lat="24.529149" lon="118.101276"></trkpt>
<trkpt lat="24.529245" lon="118.101263"></trkpt>
<trkpt lat="24.529245" lon="118.101259"></trkpt>
<trkpt lat="24.529345" lon="118.101237"></trkpt>
<trkpt lat="24.529466" lon="118.101176"></trkpt>
<trkpt lat="24.52951" lon="118.101115"></trkpt>
<trkpt lat="24.52951" lon="118.101111"></trkpt>
<trkpt lat="24.52964" lon="118.100885"></trkpt>
<trkpt lat="24.529957" lon="118.100395"></trkpt>
<trkpt lat="24.529957" lon="118.100391"></trkpt>
<trkpt lat="24.530187" lon="118.100564"></trkpt>
<trkpt lat="24.530187" lon="118.100564"></trkpt>
<trkpt lat="24.530273" lon="118.100629"></trkpt>
<trkpt lat="24.530273" lon="118.100629"></trkpt>
<trkpt lat="24.531354" lon="118.101393"></trkpt>
<trkpt lat="24.531354" lon="118.101393"></trkpt>
<trkpt lat="24.531949" lon="118.101836"></trkpt>
<trkpt lat="24.532296" lon="118.102044"></trkpt>
<trkpt lat="24.53247" lon="118.102131"></trkpt>
<trkpt lat="24.532795" lon="118.102292"></trkpt>
<trkpt lat="24.532795" lon="118.102292"></trkpt>
<trkpt lat="24.532843" lon="118.102313"></trkpt>
<trkpt lat="24.532843" lon="118.102313"></trkpt>
<trkpt lat="24.53322" lon="118.102435"></trkpt>
<trkpt lat="24.534058" lon="118.102799"></trkpt>
<trkpt lat="24.534345" lon="118.102912"></trkpt>
<trkpt lat="24.534345" lon="118.102912"></trkpt>
<trkpt lat="24.534549" lon="118.103021"></trkpt>
<trkpt lat="24.534549" lon="118.103021"></trkpt>
<trkpt lat="24.534562" lon="118.103025"></trkpt>
<trkpt lat="24.534696" lon="118.103112"></trkpt>
<trkpt lat="24.534696" lon="118.103112"></trkpt>
<trkpt lat="24.534831" lon="118.103199"></trkpt>
<trkpt lat="24.535143" lon="118.103433"></trkpt>
<trkpt lat="24.536641" lon="118.104609"></trkpt>
<trkpt lat="24.536641" lon="118.104609"></trkpt>
<trkpt lat="24.536688" lon="118.104661"></trkpt>
<trkpt lat="24.536688" lon="118.104661"></trkpt>
<trkpt lat="24.537674" lon="118.10605"></trkpt>
<trkpt lat="24.537674" lon="118.10605"></trkpt>
<trkpt lat="24.538155" lon="118.10674"></trkpt>
<trkpt lat="24.538338" lon="118.106984"></trkpt>
<trkpt lat="24.538485" lon="118.107148"></trkpt>
<trkpt lat="24.538724" lon="118.10737"></trkpt>
<trkpt lat="24.53954" lon="118.108043"></trkpt>
<trkpt lat="24.53954" lon="118.108043"></trkpt>
<trkpt lat="24.539774" lon="118.108225"></trkpt>
<trkpt lat="24.540109" lon="118.108485"></trkpt>
<trkpt lat="24.540109" lon="118.108485"></trkpt>
<trkpt lat="24.540152" lon="118.10852"></trkpt>
<trkpt lat="24.540152" lon="118.10852"></trkpt>
<trkpt lat="24.540412" lon="118.108707"></trkpt>
<trkpt lat="24.540638" lon="118.108828"></trkpt>
<trkpt lat="24.54079" lon="118.108885"></trkpt>
<trkpt lat="24.541181" lon="118.108997"></trkpt>
<trkpt lat="24.541567" lon="118.109093"></trkpt>
<trkpt lat="24.541567" lon="118.109093"></trkpt>
<trkpt lat="24.542691" lon="118.109167"></trkpt>
<trkpt lat="24.543129" lon="118.109214"></trkpt>
<trkpt lat="24.543129" lon="118.109214"></trkpt>
<trkpt lat="24.543247" lon="118.109206"></trkpt>
<trkpt lat="24.543247" lon="118.109206"></trkpt>
<trkpt lat="24.543455" lon="118.109171"></trkpt>
<trkpt lat="24.543533" lon="118.109154"></trkpt>
<trkpt lat="24.544453" lon="118.109084"></trkpt>
<trkpt lat="24.545052" lon="118.109002"></trkpt>
<trkpt lat="24.545339" lon="118.108937"></trkpt>
<trkpt lat="24.545951" lon="118.108733"></trkpt>
<trkpt lat="24.545951" lon="118.108733"></trkpt>
<trkpt lat="24.54671" lon="118.108459"></trkpt>
<trkpt lat="24.547157" lon="118.108255"></trkpt>
<trkpt lat="24.547292" lon="118.10816"></trkpt>
<trkpt lat="24.547357" lon="118.108073"></trkpt>
<trkpt lat="24.547357" lon="118.108073"></trkpt>
<trkpt lat="24.547426" lon="118.108008"></trkpt>
<trkpt lat="24.547426" lon="118.108008"></trkpt>
<trkpt lat="24.54819" lon="118.107218"></trkpt>
<trkpt lat="24.54819" lon="118.107218"></trkpt>
<trkpt lat="24.548624" lon="118.106719"></trkpt>
<trkpt lat="24.548624" lon="118.106719"></trkpt>
<trkpt lat="24.548806" lon="118.106528"></trkpt>
<trkpt lat="24.548806" lon="118.106523"></trkpt>
<trkpt lat="24.549158" lon="118.106884"></trkpt>
<trkpt lat="24.549527" lon="118.107205"></trkpt>
<trkpt lat="24.54967" lon="118.107391"></trkpt>
<trkpt lat="24.54967" lon="118.107391"></trkpt>
<trkpt lat="24.549826" lon="118.107617"></trkpt>
<trkpt lat="24.550009" lon="118.107921"></trkpt>
<trkpt lat="24.550621" lon="118.109145"></trkpt>
<trkpt lat="24.550621" lon="118.109145"></trkpt>
<trkpt lat="24.550582" lon="118.109123"></trkpt>
<trkpt lat="24.550443" lon="118.108932"></trkpt>
<trkpt lat="24.550443" lon="118.108932"></trkpt>
<trkpt lat="24.550391" lon="118.108854"></trkpt>
<trkpt lat="24.550191" lon="118.108459"></trkpt>
<trkpt lat="24.550191" lon="118.108459"></trkpt>
<trkpt lat="24.549939" lon="118.107943"></trkpt>
<trkpt lat="24.549727" lon="118.107574"></trkpt>
<trkpt lat="24.549653" lon="118.107504"></trkpt>
<trkpt lat="24.549605" lon="118.107478"></trkpt>
<trkpt lat="24.54951" lon="118.107461"></trkpt>
<trkpt lat="24.549505" lon="118.107457"></trkpt>
<trkpt lat="24.549601" lon="118.107365"></trkpt>
<trkpt lat="24.549601" lon="118.107365"></trkpt>
<trkpt lat="24.549835" lon="118.107114"></trkpt>
<trkpt lat="24.549835" lon="118.107105"></trkpt>
<trkpt lat="24.549905" lon="118.107079"></trkpt>
<trkpt lat="24.551484" lon="118.105503"></trkpt>
<trkpt lat="24.551532" lon="118.105464"></trkpt>
<trkpt lat="24.551532" lon="118.105464"></trkpt>
<trkpt lat="24.551576" lon="118.105421"></trkpt>
<trkpt lat="24.551576" lon="118.105421"></trkpt>
<trkpt lat="24.561523" lon="118.094887"></trkpt>
<trkpt lat="24.561645" lon="118.09474"></trkpt>
<trkpt lat="24.56171" lon="118.094674"></trkpt>
<trkpt lat="24.56171" lon="118.094674"></trkpt>
<trkpt lat="24.561797" lon="118.094588"></trkpt>
<trkpt lat="24.561892" lon="118.094505"></trkpt>
<trkpt lat="24.562135" lon="118.094245"></trkpt>
<trkpt lat="24.562409" lon="118.093967"></trkpt>
<trkpt lat="24.562652" lon="118.093741"></trkpt>
<trkpt lat="24.563043" lon="118.093403"></trkpt>
<trkpt lat="24.56329" lon="118.093229"></trkpt>
<trkpt lat="24.563468" lon="118.093134"></trkpt>
<trkpt lat="24.563524" lon="118.093038"></trkpt>
<trkpt lat="24.563524" lon="118.093038"></trkpt>
<trkpt lat="24.563685" lon="118.093312"></trkpt>
<trkpt lat="24.563685" lon="118.093312"></trkpt>
<trkpt lat="24.564093" lon="118.093889"></trkpt>
<trkpt lat="24.564253" lon="118.094136"></trkpt>
<trkpt lat="24.564253" lon="118.094136"></trkpt>
<trkpt lat="24.56431" lon="118.094319"></trkpt>
<trkpt lat="24.564705" lon="118.095074"></trkpt>
<trkpt lat="24.564705" lon="118.095074"></trkpt>
<trkpt lat="24.56497" lon="118.095569"></trkpt>
<trkpt lat="24.565039" lon="118.095747"></trkpt>
<trkpt lat="24.565252" lon="118.096441"></trkpt>
<trkpt lat="24.565252" lon="118.096441"></trkpt>
<trkpt lat="24.565425" lon="118.096493"></trkpt>
<trkpt lat="24.565707" lon="118.096576"></trkpt>
<trkpt lat="24.565885" lon="118.096667"></trkpt>
<trkpt lat="24.565994" lon="118.096745"></trkpt>
<trkpt lat="24.566667" lon="118.097266"></trkpt>
<trkpt lat="24.566823" lon="118.097413"></trkpt>
<trkpt lat="24.567214" lon="118.097852"></trkpt>
<trkpt lat="24.567214" lon="118.097852"></trkpt>
<trkpt lat="24.56737" lon="118.097951"></trkpt>
<trkpt lat="24.567674" lon="118.098051"></trkpt>
<trkpt lat="24.568099" lon="118.09822"></trkpt>
<trkpt lat="24.568455" lon="118.098325"></trkpt>
<trkpt lat="24.568455" lon="118.098325"></trkpt>
<trkpt lat="24.569262" lon="118.098481"></trkpt>
<trkpt lat="24.569262" lon="118.098481"></trkpt>
<trkpt lat="24.569358" lon="118.098498"></trkpt>
<trkpt lat="24.569358" lon="118.098498"></trkpt>
<trkpt lat="24.569978" lon="118.098576"></trkpt>
<trkpt lat="24.569978" lon="118.098576"></trkpt>
<trkpt lat="24.570365" lon="118.098624"></trkpt>
<trkpt lat="24.570365" lon="118.098624"></trkpt>
<trkpt lat="24.570942" lon="118.098711"></trkpt>
<trkpt lat="24.570942" lon="118.098711"></trkpt>
<trkpt lat="24.571806" lon="118.098841"></trkpt>
<trkpt lat="24.571806" lon="118.098841"></trkpt>
<trkpt lat="24.572244" lon="118.098906"></trkpt>
<trkpt lat="24.572244" lon="118.098906"></trkpt>
<trkpt lat="24.572244" lon="118.099583"></trkpt>
<trkpt lat="24.572244" lon="118.099583"></trkpt>
<trkpt lat="24.572253" lon="118.10013"></trkpt>
<trkpt lat="24.572253" lon="118.10013"></trkpt>
<trkpt lat="24.572253" lon="118.100747"></trkpt>
<trkpt lat="24.572253" lon="118.100747"></trkpt>
<trkpt lat="24.572253" lon="118.101176"></trkpt>
<trkpt lat="24.572253" lon="118.101176"></trkpt>
<trkpt lat="24.572253" lon="118.101389"></trkpt>
<trkpt lat="24.572253" lon="118.101389"></trkpt>
<trkpt lat="24.572253" lon="118.101771"></trkpt>
<trkpt lat="24.572253" lon="118.101771"></trkpt>
<trkpt lat="24.572266" lon="118.103025"></trkpt>
<trkpt lat="24.572266" lon="118.103138"></trkpt>
<trkpt lat="24.572266" lon="118.103138"></trkpt>
<trkpt lat="24.572266" lon="118.103351"></trkpt>
<trkpt lat="24.572266" lon="118.103351"></trkpt>
<trkpt lat="24.572266" lon="118.103142"></trkpt>
<trkpt lat="24.572266" lon="118.103142"></trkpt>
<trkpt lat="24.572266" lon="118.10303"></trkpt>
<trkpt lat="24.572257" lon="118.101775"></trkpt>
<trkpt lat="24.572257" lon="118.101775"></trkpt>
<trkpt lat="24.572257" lon="118.101393"></trkpt>
<trkpt lat="24.572257" lon="118.101393"></trkpt>
<trkpt lat="24.572257" lon="118.101181"></trkpt>
<trkpt lat="24.572257" lon="118.101181"></trkpt>
<trkpt lat="24.572257" lon="118.100751"></trkpt>
<trkpt lat="24.572257" lon="118.100751"></trkpt>
<trkpt lat="24.572257" lon="118.100135"></trkpt>
<trkpt lat="24.572257" lon="118.100135"></trkpt>
<trkpt lat="24.572248" lon="118.099583"></trkpt>
<trkpt lat="24.572248" lon="118.099583"></trkpt>
<trkpt lat="24.572248" lon="118.098911"></trkpt>
<trkpt lat="24.572244" lon="118.098906"></trkpt>
<trkpt lat="24.57181" lon="118.098845"></trkpt>
<trkpt lat="24.57181" lon="118.098845"></trkpt>
<trkpt lat="24.570946" lon="118.098715"></trkpt>
<trkpt lat="24.570946" lon="118.098715"></trkpt>
<trkpt lat="24.570369" lon="118.098628"></trkpt>
<trkpt lat="24.570369" lon="118.098628"></trkpt>
<trkpt lat="24.569983" lon="118.098581"></trkpt>
<trkpt lat="24.569983" lon="118.098581"></trkpt>
<trkpt lat="24.569362" lon="118.098503"></trkpt>
<trkpt lat="24.569362" lon="118.098503"></trkpt>
<trkpt lat="24.569266" lon="118.098485"></trkpt>
<trkpt lat="24.569266" lon="118.098485"></trkpt>
<trkpt lat="24.568459" lon="118.098329"></trkpt>
<trkpt lat="24.568455" lon="118.098325"></trkpt>
<trkpt lat="24.568459" lon="118.097669"></trkpt>
<trkpt lat="24.568459" lon="118.097669"></trkpt>
<trkpt lat="24.568451" lon="118.097083"></trkpt>
<trkpt lat="24.568451" lon="118.097083"></trkpt>
<trkpt lat="24.568407" lon="118.096484"></trkpt>
<trkpt lat="24.568407" lon="118.096484"></trkpt>
<trkpt lat="24.568338" lon="118.096306"></trkpt>
<trkpt lat="24.56826" lon="118.096181"></trkpt>
<trkpt lat="24.56826" lon="118.096181"></trkpt>
<trkpt lat="24.568173" lon="118.096059"></trkpt>
<trkpt lat="24.567717" lon="118.095556"></trkpt>
<trkpt lat="24.567717" lon="118.095556"></trkpt>
<trkpt lat="24.567648" lon="118.095477"></trkpt>
<trkpt lat="24.567648" lon="118.095477"></trkpt>
<trkpt lat="24.56737" lon="118.095165"></trkpt>
<trkpt lat="24.56737" lon="118.095165"></trkpt>
<trkpt lat="24.567279" lon="118.095056"></trkpt>
<trkpt lat="24.567279" lon="118.095056"></trkpt>
<trkpt lat="24.567105" lon="118.094839"></trkpt>
<trkpt lat="24.566997" lon="118.094727"></trkpt>
<trkpt lat="24.566836" lon="118.09451"></trkpt>
<trkpt lat="24.56674" lon="118.094184"></trkpt>
<trkpt lat="24.56674" lon="118.094184"></trkpt>
<trkpt lat="24.566693" lon="118.093967"></trkpt>
<trkpt lat="24.566693" lon="118.093967"></trkpt>
<trkpt lat="24.566567" lon="118.093485"></trkpt>
<trkpt lat="24.566385" lon="118.092891"></trkpt>
<trkpt lat="24.566385" lon="118.092891"></trkpt>
<trkpt lat="24.566354" lon="118.092795"></trkpt>
<trkpt lat="24.56635" lon="118.092791"></trkpt>
<trkpt lat="24.56638" lon="118.092444"></trkpt>
<trkpt lat="24.56638" lon="118.092444"></trkpt>
<trkpt lat="24.566415" lon="118.092283"></trkpt>
<trkpt lat="24.566415" lon="118.092201"></trkpt>
<trkpt lat="24.566411" lon="118.092196"></trkpt>
<trkpt lat="24.565868" lon="118.091853"></trkpt>
<trkpt lat="24.565608" lon="118.09168"></trkpt>
<trkpt lat="24.565603" lon="118.091675"></trkpt>
<trkpt lat="24.565564" lon="118.091571"></trkpt>
<trkpt lat="24.565625" lon="118.091393"></trkpt>
<trkpt lat="24.565638" lon="118.091285"></trkpt>
<trkpt lat="24.565638" lon="118.091285"></trkpt>
<trkpt lat="24.565603" lon="118.091224"></trkpt>
<trkpt lat="24.565599" lon="118.09122"></trkpt>
<trkpt lat="24.565516" lon="118.090933"></trkpt>
<trkpt lat="24.565512" lon="118.090929"></trkpt>
<trkpt lat="24.56533" lon="118.090929"></trkpt>
<trkpt lat="24.56533" lon="118.090929"></trkpt>
<trkpt lat="24.565334" lon="118.090638"></trkpt>
<trkpt lat="24.565334" lon="118.090638"></trkpt>
<trkpt lat="24.565313" lon="118.090382"></trkpt>
<trkpt lat="24.565308" lon="118.090378"></trkpt>
<trkpt lat="24.565213" lon="118.090369"></trkpt>
<trkpt lat="24.565117" lon="118.090308"></trkpt>
<trkpt lat="24.565039" lon="118.090208"></trkpt>
<trkpt lat="24.564991" lon="118.090109"></trkpt>
<trkpt lat="24.564987" lon="118.090104"></trkpt>
<trkpt lat="24.565013" lon="118.089939"></trkpt>
<trkpt lat="24.565013" lon="118.089939"></trkpt>
<trkpt lat="24.565091" lon="118.089601"></trkpt>
<trkpt lat="24.565091" lon="118.089596"></trkpt>
<trkpt lat="24.564965" lon="118.089484"></trkpt>
<trkpt lat="24.564162" lon="118.089188"></trkpt>
<trkpt lat="24.564158" lon="118.089184"></trkpt>
<trkpt lat="24.564102" lon="118.089288"></trkpt>
<trkpt lat="24.563993" lon="118.089392"></trkpt>
<trkpt lat="24.563832" lon="118.089505"></trkpt>
<trkpt lat="24.563754" lon="118.089549"></trkpt>
</trkseg></trk>
<wpt lat="24.447728" lon="118.109277"><name>厦门园林植物园</name><desc>西门进+观光车；雨林喷雾8:00-9:30/15:00-16:30</desc></wpt>
<wpt lat="24.440836" lon="118.095336"><name>南普陀寺</name><desc>东门进长津阁石阶20分钟到免费观景台；西门出接猫街</desc></wpt>
<wpt lat="24.440171" lon="118.091662"><name>顶澳仔猫街</name><desc>无真猫，涂鸦打卡地</desc></wpt>
<wpt lat="24.437609" lon="118.087587"><name>沙坡尾艺术西区</name><desc>彩虹墙在艺术西区2楼天台；拍照为主</desc></wpt>
<wpt lat="24.432281" lon="118.100875"><name>白城沙滩</name><desc>日落分神级；人较多</desc></wpt>
<wpt lat="24.435421" lon="118.087789"><name>演武大桥观景台</name><desc>拍世茂双子塔经典机位</desc></wpt>
<wpt lat="24.431453" lon="118.142325"><name>环岛路（白城→黄厝）</name><desc>可29路公交1元走全程；黄厝日出/日落均可</desc></wpt>
<wpt lat="24.64782" lon="118.228083"><name>黄厝海滩</name><desc>看日落最佳；附近海边咖啡馆多</desc></wpt>
<trk><name>Day2 山海环岛：植物园→厦大→环岛路</name><trkseg>
<trkpt lat="24.447604" lon="118.108835"></trkpt>
<trkpt lat="24.447712" lon="118.108799"></trkpt>
<trkpt lat="24.447782" lon="118.108804"></trkpt>
<trkpt lat="24.448254" lon="118.108922"></trkpt>
<trkpt lat="24.448383" lon="118.108928"></trkpt>
<trkpt lat="24.448576" lon="118.108879"></trkpt>
<trkpt lat="24.448646" lon="118.10882"></trkpt>
<trkpt lat="24.448683" lon="118.108735"></trkpt>
<trkpt lat="24.448683" lon="118.108735"></trkpt>
<trkpt lat="24.448667" lon="118.10867"></trkpt>
<trkpt lat="24.448501" lon="118.108445"></trkpt>
<trkpt lat="24.448442" lon="118.108311"></trkpt>
<trkpt lat="24.448431" lon="118.10823"></trkpt>
<trkpt lat="24.448447" lon="118.108139"></trkpt>
<trkpt lat="24.448549" lon="118.10786"></trkpt>
<trkpt lat="24.448667" lon="118.107667"></trkpt>
<trkpt lat="24.448737" lon="118.107608"></trkpt>
<trkpt lat="24.448893" lon="118.107538"></trkpt>
<trkpt lat="24.448978" lon="118.107517"></trkpt>
<trkpt lat="24.449032" lon="118.107479"></trkpt>
<trkpt lat="24.449102" lon="118.107222"></trkpt>
<trkpt lat="24.449096" lon="118.107157"></trkpt>
<trkpt lat="24.449075" lon="118.107115"></trkpt>
<trkpt lat="24.449075" lon="118.107115"></trkpt>
<trkpt lat="24.449107" lon="118.106991"></trkpt>
<trkpt lat="24.449177" lon="118.106964"></trkpt>
<trkpt lat="24.449386" lon="118.106691"></trkpt>
<trkpt lat="24.449488" lon="118.106583"></trkpt>
<trkpt lat="24.449826" lon="118.106374"></trkpt>
<trkpt lat="24.450014" lon="118.10624"></trkpt>
<trkpt lat="24.450137" lon="118.106101"></trkpt>
<trkpt lat="24.450239" lon="118.105848"></trkpt>
<trkpt lat="24.450287" lon="118.10565"></trkpt>
<trkpt lat="24.450287" lon="118.10565"></trkpt>
<trkpt lat="24.451086" lon="118.105296"></trkpt>
<trkpt lat="24.45129" lon="118.105151"></trkpt>
<trkpt lat="24.45129" lon="118.105151"></trkpt>
<trkpt lat="24.451355" lon="118.104674"></trkpt>
<trkpt lat="24.451365" lon="118.10433"></trkpt>
<trkpt lat="24.451323" lon="118.104083"></trkpt>
<trkpt lat="24.451323" lon="118.104083"></trkpt>
<trkpt lat="24.450748" lon="118.103644"></trkpt>
<trkpt lat="24.450507" lon="118.103418"></trkpt>
<trkpt lat="24.450325" lon="118.103273"></trkpt>
<trkpt lat="24.450212" lon="118.103204"></trkpt>
<trkpt lat="24.450062" lon="118.103145"></trkpt>
<trkpt lat="24.449992" lon="118.103145"></trkpt>
<trkpt lat="24.449928" lon="118.103161"></trkpt>
<trkpt lat="24.44945" lon="118.103499"></trkpt>
<trkpt lat="24.449375" lon="118.10352"></trkpt>
<trkpt lat="24.449252" lon="118.103526"></trkpt>
<trkpt lat="24.449155" lon="118.10351"></trkpt>
<trkpt lat="24.448533" lon="118.103311"></trkpt>
<trkpt lat="24.448431" lon="118.103225"></trkpt>
<trkpt lat="24.448394" lon="118.103139"></trkpt>
<trkpt lat="24.448388" lon="118.103053"></trkpt>
<trkpt lat="24.448394" lon="118.103027"></trkpt>
<trkpt lat="24.448447" lon="118.102882"></trkpt>
<trkpt lat="24.448667" lon="118.10249"></trkpt>
<trkpt lat="24.448678" lon="118.102356"></trkpt>
<trkpt lat="24.44864" lon="118.102233"></trkpt>
<trkpt lat="24.44864" lon="118.102233"></trkpt>
<trkpt lat="24.448624" lon="118.102195"></trkpt>
<trkpt lat="24.448538" lon="118.10212"></trkpt>
<trkpt lat="24.448378" lon="118.10205"></trkpt>
<trkpt lat="24.4482" lon="118.10205"></trkpt>
<trkpt lat="24.447943" lon="118.10211"></trkpt>
<trkpt lat="24.447852" lon="118.102115"></trkpt>
<trkpt lat="24.447771" lon="118.102099"></trkpt>
<trkpt lat="24.447685" lon="118.10204"></trkpt>
<trkpt lat="24.447685" lon="118.10204"></trkpt>
<trkpt lat="24.4476" lon="118.10204"></trkpt>
<trkpt lat="24.447562" lon="118.102018"></trkpt>
<trkpt lat="24.447095" lon="118.10131"></trkpt>
<trkpt lat="24.447047" lon="118.101262"></trkpt>
<trkpt lat="24.446929" lon="118.101267"></trkpt>
<trkpt lat="24.446693" lon="118.101369"></trkpt>
<trkpt lat="24.446618" lon="118.10138"></trkpt>
<trkpt lat="24.446478" lon="118.10131"></trkpt>
<trkpt lat="24.446125" lon="118.101063"></trkpt>
<trkpt lat="24.446039" lon="118.101026"></trkpt>
<trkpt lat="24.446039" lon="118.101026"></trkpt>
<trkpt lat="24.44621" lon="118.100677"></trkpt>
<trkpt lat="24.446216" lon="118.100634"></trkpt>
<trkpt lat="24.446205" lon="118.10057"></trkpt>
<trkpt lat="24.446092" lon="118.10042"></trkpt>
<trkpt lat="24.446135" lon="118.100286"></trkpt>
<trkpt lat="24.446156" lon="118.100232"></trkpt>
<trkpt lat="24.446156" lon="118.100168"></trkpt>
<trkpt lat="24.44613" lon="118.100114"></trkpt>
<trkpt lat="24.445631" lon="118.099749"></trkpt>
<trkpt lat="24.445502" lon="118.099658"></trkpt>
<trkpt lat="24.445379" lon="118.09947"></trkpt>
<trkpt lat="24.445266" lon="118.099234"></trkpt>
<trkpt lat="24.445266" lon="118.099234"></trkpt>
<trkpt lat="24.445073" lon="118.099084"></trkpt>
<trkpt lat="24.444896" lon="118.098918"></trkpt>
<trkpt lat="24.44458" lon="118.098859"></trkpt>
<trkpt lat="24.444247" lon="118.09881"></trkpt>
<trkpt lat="24.444097" lon="118.098741"></trkpt>
<trkpt lat="24.443941" lon="118.098649"></trkpt>
<trkpt lat="24.44378" lon="118.098435"></trkpt>
<trkpt lat="24.443753" lon="118.098338"></trkpt>
<trkpt lat="24.443807" lon="118.09821"></trkpt>
<trkpt lat="24.44378" lon="118.098172"></trkpt>
<trkpt lat="24.443668" lon="118.098129"></trkpt>
<trkpt lat="24.443475" lon="118.097936"></trkpt>
<trkpt lat="24.443179" lon="118.097871"></trkpt>
<trkpt lat="24.442847" lon="118.09755"></trkpt>
<trkpt lat="24.442847" lon="118.09755"></trkpt>
<trkpt lat="24.442847" lon="118.097416"></trkpt>
<trkpt lat="24.442815" lon="118.097346"></trkpt>
<trkpt lat="24.442729" lon="118.097324"></trkpt>
<trkpt lat="24.442584" lon="118.097373"></trkpt>
<trkpt lat="24.442391" lon="118.097206"></trkpt>
<trkpt lat="24.442337" lon="118.097136"></trkpt>
<trkpt lat="24.44231" lon="118.097131"></trkpt>
<trkpt lat="24.442241" lon="118.097174"></trkpt>
<trkpt lat="24.442208" lon="118.097217"></trkpt>
<trkpt lat="24.442171" lon="118.097351"></trkpt>
<trkpt lat="24.442058" lon="118.097641"></trkpt>
<trkpt lat="24.441951" lon="118.097936"></trkpt>
<trkpt lat="24.441908" lon="118.098043"></trkpt>
<trkpt lat="24.441892" lon="118.098065"></trkpt>
<trkpt lat="24.441806" lon="118.098081"></trkpt>
<trkpt lat="24.44179" lon="118.098065"></trkpt>
<trkpt lat="24.441693" lon="118.097893"></trkpt>
<trkpt lat="24.441666" lon="118.097775"></trkpt>
<trkpt lat="24.441613" lon="118.097635"></trkpt>
<trkpt lat="24.441591" lon="118.097501"></trkpt>
<trkpt lat="24.441618" lon="118.097383"></trkpt>
<trkpt lat="24.441645" lon="118.097281"></trkpt>
<trkpt lat="24.441656" lon="118.09719"></trkpt>
<trkpt lat="24.44142" lon="118.097051"></trkpt>
<trkpt lat="24.441205" lon="118.096922"></trkpt>
<trkpt lat="24.441034" lon="118.096815"></trkpt>
<trkpt lat="24.440846" lon="118.096702"></trkpt>
<trkpt lat="24.440669" lon="118.096595"></trkpt>
<trkpt lat="24.440669" lon="118.096595"></trkpt>
<trkpt lat="24.440835" lon="118.096193"></trkpt>
<trkpt lat="24.440953" lon="118.095973"></trkpt>
<trkpt lat="24.441007" lon="118.095871"></trkpt>
<trkpt lat="24.441066" lon="118.095731"></trkpt>
<trkpt lat="24.441098" lon="118.095661"></trkpt>
<trkpt lat="24.441146" lon="118.095538"></trkpt>
<trkpt lat="24.441146" lon="118.095538"></trkpt>
<trkpt lat="24.440937" lon="118.095431"></trkpt>
<trkpt lat="24.440846" lon="118.095345"></trkpt>
<trkpt lat="24.440838" lon="118.095333"></trkpt>
<trkpt lat="24.440723" lon="118.095168"></trkpt>
<trkpt lat="24.440723" lon="118.095168"></trkpt>
<trkpt lat="24.440894" lon="118.095232"></trkpt>
<trkpt lat="24.44098" lon="118.095254"></trkpt>
<trkpt lat="24.44098" lon="118.095254"></trkpt>
<trkpt lat="24.441082" lon="118.09527"></trkpt>
<trkpt lat="24.441296" lon="118.095265"></trkpt>
<trkpt lat="24.441785" lon="118.095227"></trkpt>
<trkpt lat="24.442096" lon="118.095216"></trkpt>
<trkpt lat="24.443185" lon="118.095307"></trkpt>
<trkpt lat="24.444316" lon="118.095275"></trkpt>
<trkpt lat="24.444467" lon="118.095286"></trkpt>
<trkpt lat="24.44458" lon="118.095302"></trkpt>
<trkpt lat="24.444612" lon="118.095307"></trkpt>
<trkpt lat="24.444805" lon="118.095388"></trkpt>
<trkpt lat="24.445127" lon="118.09556"></trkpt>
<trkpt lat="24.446076" lon="118.096144"></trkpt>
<trkpt lat="24.446076" lon="118.096144"></trkpt>
<trkpt lat="24.446242" lon="118.096198"></trkpt>
<trkpt lat="24.446527" lon="118.09623"></trkpt>
<trkpt lat="24.446768" lon="118.096209"></trkpt>
<trkpt lat="24.447122" lon="118.09608"></trkpt>
<trkpt lat="24.448474" lon="118.095484"></trkpt>
<trkpt lat="24.448603" lon="118.095415"></trkpt>
<trkpt lat="24.448764" lon="118.095281"></trkpt>
<trkpt lat="24.449273" lon="118.094685"></trkpt>
<trkpt lat="24.449434" lon="118.094551"></trkpt>
<trkpt lat="24.449574" lon="118.094465"></trkpt>
<trkpt lat="24.449788" lon="118.094358"></trkpt>
<trkpt lat="24.450105" lon="118.094197"></trkpt>
<trkpt lat="24.450309" lon="118.094106"></trkpt>
<trkpt lat="24.45048" lon="118.094052"></trkpt>
<trkpt lat="24.450663" lon="118.094041"></trkpt>
<trkpt lat="24.450947" lon="118.094073"></trkpt>
<trkpt lat="24.451215" lon="118.094127"></trkpt>
<trkpt lat="24.451736" lon="118.094277"></trkpt>
<trkpt lat="24.45187" lon="118.094299"></trkpt>
<trkpt lat="24.452074" lon="118.094304"></trkpt>
<trkpt lat="24.452191" lon="118.094283"></trkpt>
<trkpt lat="24.452336" lon="118.094235"></trkpt>
<trkpt lat="24.452438" lon="118.094175"></trkpt>
<trkpt lat="24.452524" lon="118.094106"></trkpt>
<trkpt lat="24.452669" lon="118.093961"></trkpt>
<trkpt lat="24.45291" lon="118.093773"></trkpt>
<trkpt lat="24.453023" lon="118.093709"></trkpt>
<trkpt lat="24.453195" lon="118.093634"></trkpt>
<trkpt lat="24.453415" lon="118.093591"></trkpt>
<trkpt lat="24.45372" lon="118.093612"></trkpt>
<trkpt lat="24.453822" lon="118.093612"></trkpt>
<trkpt lat="24.453983" lon="118.093585"></trkpt>
<trkpt lat="24.454112" lon="118.093548"></trkpt>
<trkpt lat="24.454278" lon="118.093456"></trkpt>
<trkpt lat="24.45453" lon="118.093188"></trkpt>
<trkpt lat="24.454874" lon="118.092668"></trkpt>
<trkpt lat="24.455035" lon="118.092443"></trkpt>
<trkpt lat="24.455094" lon="118.092357"></trkpt>
<trkpt lat="24.455378" lon="118.091933"></trkpt>
<trkpt lat="24.455566" lon="118.091622"></trkpt>
<trkpt lat="24.455689" lon="118.091413"></trkpt>
<trkpt lat="24.455711" lon="118.09137"></trkpt>
<trkpt lat="24.455898" lon="118.091102"></trkpt>
<trkpt lat="24.456075" lon="118.090817"></trkpt>
<trkpt lat="24.456151" lon="118.090635"></trkpt>
<trkpt lat="24.456354" lon="118.089996"></trkpt>
<trkpt lat="24.456301" lon="118.089852"></trkpt>
<trkpt lat="24.456006" lon="118.08975"></trkpt>
<trkpt lat="24.455646" lon="118.089621"></trkpt>
<trkpt lat="24.455566" lon="118.089583"></trkpt>
<trkpt lat="24.45518" lon="118.089406"></trkpt>
<trkpt lat="24.454927" lon="118.089251"></trkpt>
<trkpt lat="24.454514" lon="118.088988"></trkpt>
<trkpt lat="24.454353" lon="118.088843"></trkpt>
<trkpt lat="24.454085" lon="118.088602"></trkpt>
<trkpt lat="24.453962" lon="118.088478"></trkpt>
<trkpt lat="24.453801" lon="118.088328"></trkpt>
<trkpt lat="24.453661" lon="118.088189"></trkpt>
<trkpt lat="24.453383" lon="118.087905"></trkpt>
<trkpt lat="24.45297" lon="118.087497"></trkpt>
<trkpt lat="24.452776" lon="118.087298"></trkpt>
<trkpt lat="24.452465" lon="118.086993"></trkpt>
<trkpt lat="24.452379" lon="118.086917"></trkpt>
<trkpt lat="24.452251" lon="118.086805"></trkpt>
<trkpt lat="24.451891" lon="118.086418"></trkpt>
<trkpt lat="24.451757" lon="118.086236"></trkpt>
<trkpt lat="24.451671" lon="118.086091"></trkpt>
<trkpt lat="24.451612" lon="118.085979"></trkpt>
<trkpt lat="24.451526" lon="118.085775"></trkpt>
<trkpt lat="24.451478" lon="118.085608"></trkpt>
<trkpt lat="24.451376" lon="118.085104"></trkpt>
<trkpt lat="24.451205" lon="118.084176"></trkpt>
<trkpt lat="24.451199" lon="118.084144"></trkpt>
<trkpt lat="24.451124" lon="118.083838"></trkpt>
<trkpt lat="24.451054" lon="118.08365"></trkpt>
<trkpt lat="24.450958" lon="118.083382"></trkpt>
<trkpt lat="24.450824" lon="118.083345"></trkpt>
<trkpt lat="24.449568" lon="118.083972"></trkpt>
<trkpt lat="24.449541" lon="118.083983"></trkpt>
<trkpt lat="24.44929" lon="118.084069"></trkpt>
<trkpt lat="24.448506" lon="118.084165"></trkpt>
<trkpt lat="24.447734" lon="118.084267"></trkpt>
<trkpt lat="24.44753" lon="118.084348"></trkpt>
<trkpt lat="24.447412" lon="118.084418"></trkpt>
<trkpt lat="24.447138" lon="118.084605"></trkpt>
<trkpt lat="24.446993" lon="118.084713"></trkpt>
<trkpt lat="24.446854" lon="118.084809"></trkpt>
<trkpt lat="24.446704" lon="118.084916"></trkpt>
<trkpt lat="24.445438" lon="118.085823"></trkpt>
<trkpt lat="24.445159" lon="118.086038"></trkpt>
<trkpt lat="24.445116" lon="118.08607"></trkpt>
<trkpt lat="24.445051" lon="118.086118"></trkpt>
<trkpt lat="24.444762" lon="118.086333"></trkpt>
<trkpt lat="24.44458" lon="118.086494"></trkpt>
<trkpt lat="24.444536" lon="118.086536"></trkpt>
<trkpt lat="24.444445" lon="118.086655"></trkpt>
<trkpt lat="24.444263" lon="118.086976"></trkpt>
<trkpt lat="24.444107" lon="118.087245"></trkpt>
<trkpt lat="24.44393" lon="118.087529"></trkpt>
<trkpt lat="24.443871" lon="118.08761"></trkpt>
<trkpt lat="24.443786" lon="118.087717"></trkpt>
<trkpt lat="24.443753" lon="118.087754"></trkpt>
<trkpt lat="24.443651" lon="118.087883"></trkpt>
<trkpt lat="24.443024" lon="118.088575"></trkpt>
<trkpt lat="24.442713" lon="118.088886"></trkpt>
<trkpt lat="24.442621" lon="118.088966"></trkpt>
<trkpt lat="24.442595" lon="118.08902"></trkpt>
<trkpt lat="24.442337" lon="118.089251"></trkpt>
<trkpt lat="24.442037" lon="118.089525"></trkpt>
<trkpt lat="24.441758" lon="118.089836"></trkpt>
<trkpt lat="24.441253" lon="118.090367"></trkpt>
<trkpt lat="24.441066" lon="118.090555"></trkpt>
<trkpt lat="24.440905" lon="118.090748"></trkpt>
<trkpt lat="24.440749" lon="118.090951"></trkpt>
<trkpt lat="24.44061" lon="118.091171"></trkpt>
<trkpt lat="24.440347" lon="118.091633"></trkpt>
<trkpt lat="24.440285" lon="118.09174"></trkpt>
<trkpt lat="24.440285" lon="118.09174"></trkpt>
<trkpt lat="24.440261" lon="118.091783"></trkpt>
<trkpt lat="24.440261" lon="118.091783"></trkpt>
<trkpt lat="24.440186" lon="118.091944"></trkpt>
<trkpt lat="24.440148" lon="118.092094"></trkpt>
<trkpt lat="24.440143" lon="118.09248"></trkpt>
<trkpt lat="24.440181" lon="118.093097"></trkpt>
<trkpt lat="24.440197" lon="118.093403"></trkpt>
<trkpt lat="24.440197" lon="118.093403"></trkpt>
<trkpt lat="24.44009" lon="118.093564"></trkpt>
<trkpt lat="24.44003" lon="118.093623"></trkpt>
<trkpt lat="24.439778" lon="118.093618"></trkpt>
<trkpt lat="24.439778" lon="118.093618"></trkpt>
<trkpt lat="24.439408" lon="118.093553"></trkpt>
<trkpt lat="24.439306" lon="118.093532"></trkpt>
<trkpt lat="24.439269" lon="118.093526"></trkpt>
<trkpt lat="24.438684" lon="118.09343"></trkpt>
<trkpt lat="24.438577" lon="118.093414"></trkpt>
<trkpt lat="24.438003" lon="118.093365"></trkpt>
<trkpt lat="24.437627" lon="118.093323"></trkpt>
<trkpt lat="24.437257" lon="118.093242"></trkpt>
<trkpt lat="24.436946" lon="118.093129"></trkpt>
<trkpt lat="24.436919" lon="118.093119"></trkpt>
<trkpt lat="24.436619" lon="118.092968"></trkpt>
<trkpt lat="24.436211" lon="118.092716"></trkpt>
<trkpt lat="24.435937" lon="118.092502"></trkpt>
<trkpt lat="24.435911" lon="118.092475"></trkpt>
<trkpt lat="24.435524" lon="118.092169"></trkpt>
<trkpt lat="24.435524" lon="118.092169"></trkpt>
<trkpt lat="24.435776" lon="118.091729"></trkpt>
<trkpt lat="24.435916" lon="118.091483"></trkpt>
<trkpt lat="24.435975" lon="118.091365"></trkpt>
<trkpt lat="24.43605" lon="118.091214"></trkpt>
<trkpt lat="24.436329" lon="118.090667"></trkpt>
<trkpt lat="24.436613" lon="118.090072"></trkpt>
<trkpt lat="24.436651" lon="118.089996"></trkpt>
<trkpt lat="24.436731" lon="118.08983"></trkpt>
<trkpt lat="24.436871" lon="118.089546"></trkpt>
<trkpt lat="24.437048" lon="118.089197"></trkpt>
<trkpt lat="24.43716" lon="118.088966"></trkpt>
<trkpt lat="24.437284" lon="118.088763"></trkpt>
<trkpt lat="24.437364" lon="118.088655"></trkpt>
<trkpt lat="24.4376" lon="118.088366"></trkpt>
<trkpt lat="24.437718" lon="118.088135"></trkpt>
<trkpt lat="24.437718" lon="118.088135"></trkpt>
<trkpt lat="24.43767" lon="118.088071"></trkpt>
<trkpt lat="24.437498" lon="118.087899"></trkpt>
<trkpt lat="24.437488" lon="118.087867"></trkpt>
<trkpt lat="24.437643" lon="118.087679"></trkpt>
<trkpt lat="24.437659" lon="118.087625"></trkpt>
<trkpt lat="24.437621" lon="118.087575"></trkpt>
<trkpt lat="24.437621" lon="118.087575"></trkpt>
<trkpt lat="24.437659" lon="118.087625"></trkpt>
<trkpt lat="24.437643" lon="118.087679"></trkpt>
<trkpt lat="24.437488" lon="118.087867"></trkpt>
<trkpt lat="24.437498" lon="118.087899"></trkpt>
<trkpt lat="24.43767" lon="118.088071"></trkpt>
<trkpt lat="24.437718" lon="118.088135"></trkpt>
<trkpt lat="24.437718" lon="118.088135"></trkpt>
<trkpt lat="24.4376" lon="118.088366"></trkpt>
<trkpt lat="24.4376" lon="118.088366"></trkpt>
<trkpt lat="24.437139" lon="118.087765"></trkpt>
<trkpt lat="24.436903" lon="118.087454"></trkpt>
<trkpt lat="24.436865" lon="118.0874"></trkpt>
<trkpt lat="24.436865" lon="118.0874"></trkpt>
<trkpt lat="24.436329" lon="118.087803"></trkpt>
<trkpt lat="24.436329" lon="118.087803"></trkpt>
<trkpt lat="24.4362" lon="118.087647"></trkpt>
<trkpt lat="24.436146" lon="118.087625"></trkpt>
<trkpt lat="24.436115" lon="118.087636"></trkpt>
<trkpt lat="24.435948" lon="118.087743"></trkpt>
<trkpt lat="24.435819" lon="118.087856"></trkpt>
<trkpt lat="24.434811" lon="118.088999"></trkpt>
<trkpt lat="24.434591" lon="118.08924"></trkpt>
<trkpt lat="24.434591" lon="118.08924"></trkpt>
<trkpt lat="24.435068" lon="118.089809"></trkpt>
<trkpt lat="24.435261" lon="118.090034"></trkpt>
<trkpt lat="24.435261" lon="118.090034"></trkpt>
<trkpt lat="24.435122" lon="118.090216"></trkpt>
<trkpt lat="24.434929" lon="118.090495"></trkpt>
<trkpt lat="24.434344" lon="118.09137"></trkpt>
<trkpt lat="24.434344" lon="118.09137"></trkpt>
<trkpt lat="24.434156" lon="118.091246"></trkpt>
<trkpt lat="24.433974" lon="118.091118"></trkpt>
<trkpt lat="24.433974" lon="118.091118"></trkpt>
<trkpt lat="24.433593" lon="118.09086"></trkpt>
<trkpt lat="24.433518" lon="118.090812"></trkpt>
<trkpt lat="24.433003" lon="118.090463"></trkpt>
<trkpt lat="24.432686" lon="118.0902"></trkpt>
<trkpt lat="24.432622" lon="118.090125"></trkpt>
<trkpt lat="24.432542" lon="118.089996"></trkpt>
<trkpt lat="24.432493" lon="118.089884"></trkpt>
<trkpt lat="24.432466" lon="118.089739"></trkpt>
<trkpt lat="24.432488" lon="118.089589"></trkpt>
<trkpt lat="24.43251" lon="118.089487"></trkpt>
<trkpt lat="24.432585" lon="118.08938"></trkpt>
<trkpt lat="24.432676" lon="118.089321"></trkpt>
<trkpt lat="24.432772" lon="118.089299"></trkpt>
<trkpt lat="24.432901" lon="118.08931"></trkpt>
<trkpt lat="24.432992" lon="118.089353"></trkpt>
<trkpt lat="24.433105" lon="118.08946"></trkpt>
<trkpt lat="24.433153" lon="118.089557"></trkpt>
<trkpt lat="24.433175" lon="118.089664"></trkpt>
<trkpt lat="24.433175" lon="118.089798"></trkpt>
<trkpt lat="24.43311" lon="118.090066"></trkpt>
<trkpt lat="24.432955" lon="118.090345"></trkpt>
<trkpt lat="24.432821" lon="118.090635"></trkpt>
<trkpt lat="24.43266" lon="118.09107"></trkpt>
<trkpt lat="24.432418" lon="118.091783"></trkpt>
<trkpt lat="24.432316" lon="118.09218"></trkpt>
<trkpt lat="24.432257" lon="118.092464"></trkpt>
<trkpt lat="24.432198" lon="118.092866"></trkpt>
<trkpt lat="24.43185" lon="118.096482"></trkpt>
<trkpt lat="24.431646" lon="118.098623"></trkpt>
<trkpt lat="24.431635" lon="118.098869"></trkpt>
<trkpt lat="24.431646" lon="118.099068"></trkpt>
<trkpt lat="24.431678" lon="118.09925"></trkpt>
<trkpt lat="24.431732" lon="118.099427"></trkpt>
<trkpt lat="24.431807" lon="118.09961"></trkpt>
<trkpt lat="24.431898" lon="118.099771"></trkpt>
<trkpt lat="24.432064" lon="118.099996"></trkpt>
<trkpt lat="24.432064" lon="118.099996"></trkpt>
<trkpt lat="24.432354" lon="118.100334"></trkpt>
<trkpt lat="24.432456" lon="118.100484"></trkpt>
<trkpt lat="24.432542" lon="118.100655"></trkpt>
<trkpt lat="24.432573" lon="118.100738"></trkpt>
<trkpt lat="24.432573" lon="118.100738"></trkpt>
<trkpt lat="24.432606" lon="118.100822"></trkpt>
<trkpt lat="24.432628" lon="118.100897"></trkpt>
<trkpt lat="24.432649" lon="118.100983"></trkpt>
<trkpt lat="24.432676" lon="118.101176"></trkpt>
<trkpt lat="24.432681" lon="118.101348"></trkpt>
<trkpt lat="24.432665" lon="118.101541"></trkpt>
<trkpt lat="24.432579" lon="118.101954"></trkpt>
<trkpt lat="24.432504" lon="118.102238"></trkpt>
<trkpt lat="24.432333" lon="118.102753"></trkpt>
<trkpt lat="24.43222" lon="118.103027"></trkpt>
<trkpt lat="24.432215" lon="118.103038"></trkpt>
<trkpt lat="24.431946" lon="118.103665"></trkpt>
<trkpt lat="24.431748" lon="118.104126"></trkpt>
<trkpt lat="24.431544" lon="118.104706"></trkpt>
<trkpt lat="24.431458" lon="118.10499"></trkpt>
<trkpt lat="24.431415" lon="118.105156"></trkpt>
<trkpt lat="24.431388" lon="118.105248"></trkpt>
<trkpt lat="24.431324" lon="118.105468"></trkpt>
<trkpt lat="24.431281" lon="118.105628"></trkpt>
<trkpt lat="24.431174" lon="118.106041"></trkpt>
<trkpt lat="24.431152" lon="118.106095"></trkpt>
<trkpt lat="24.431083" lon="118.106433"></trkpt>
<trkpt lat="24.430879" lon="118.107082"></trkpt>
<trkpt lat="24.43067" lon="118.107635"></trkpt>
<trkpt lat="24.430589" lon="118.107849"></trkpt>
<trkpt lat="24.430337" lon="118.108407"></trkpt>
<trkpt lat="24.430171" lon="118.108831"></trkpt>
<trkpt lat="24.430112" lon="118.109008"></trkpt>
<trkpt lat="24.42994" lon="118.109475"></trkpt>
<trkpt lat="24.429779" lon="118.110135"></trkpt>
<trkpt lat="24.429731" lon="118.110322"></trkpt>
<trkpt lat="24.429575" lon="118.110644"></trkpt>
<trkpt lat="24.429527" lon="118.110773"></trkpt>
<trkpt lat="24.42927" lon="118.112371"></trkpt>
<trkpt lat="24.429194" lon="118.112838"></trkpt>
<trkpt lat="24.429141" lon="118.113203"></trkpt>
<trkpt lat="24.429087" lon="118.113589"></trkpt>
<trkpt lat="24.428915" lon="118.114421"></trkpt>
<trkpt lat="24.429017" lon="118.114426"></trkpt>
<trkpt lat="24.429114" lon="118.114024"></trkpt>
<trkpt lat="24.429425" lon="118.112178"></trkpt>
<trkpt lat="24.429532" lon="118.111519"></trkpt>
<trkpt lat="24.429672" lon="118.110773"></trkpt>
<trkpt lat="24.429704" lon="118.110682"></trkpt>
<trkpt lat="24.429843" lon="118.110161"></trkpt>
<trkpt lat="24.43002" lon="118.109485"></trkpt>
<trkpt lat="24.430133" lon="118.109185"></trkpt>
<trkpt lat="24.430444" lon="118.108461"></trkpt>
<trkpt lat="24.430804" lon="118.107656"></trkpt>
<trkpt lat="24.430975" lon="118.107179"></trkpt>
<trkpt lat="24.431131" lon="118.106675"></trkpt>
<trkpt lat="24.431356" lon="118.105827"></trkpt>
<trkpt lat="24.431469" lon="118.105505"></trkpt>
<trkpt lat="24.431555" lon="118.105264"></trkpt>
<trkpt lat="24.431614" lon="118.105076"></trkpt>
<trkpt lat="24.431689" lon="118.104851"></trkpt>
<trkpt lat="24.431834" lon="118.104411"></trkpt>
<trkpt lat="24.431952" lon="118.104116"></trkpt>
<trkpt lat="24.432075" lon="118.103837"></trkpt>
<trkpt lat="24.432413" lon="118.103027"></trkpt>
<trkpt lat="24.432445" lon="118.102946"></trkpt>
<trkpt lat="24.432552" lon="118.102662"></trkpt>
<trkpt lat="24.432644" lon="118.102345"></trkpt>
<trkpt lat="24.432644" lon="118.102345"></trkpt>
<trkpt lat="24.43281" lon="118.101739"></trkpt>
<trkpt lat="24.43288" lon="118.101466"></trkpt>
<trkpt lat="24.432923" lon="118.101283"></trkpt>
<trkpt lat="24.432966" lon="118.101053"></trkpt>
<trkpt lat="24.432976" lon="118.100902"></trkpt>
<trkpt lat="24.432966" lon="118.100763"></trkpt>
<trkpt lat="24.432939" lon="118.100613"></trkpt>
<trkpt lat="24.432885" lon="118.100436"></trkpt>
<trkpt lat="24.432815" lon="118.100286"></trkpt>
<trkpt lat="24.43274" lon="118.100168"></trkpt>
<trkpt lat="24.43267" lon="118.100082"></trkpt>
<trkpt lat="24.432585" lon="118.099996"></trkpt>
<trkpt lat="24.432456" lon="118.09991"></trkpt>
<trkpt lat="24.432198" lon="118.099808"></trkpt>
<trkpt lat="24.431903" lon="118.099433"></trkpt>
<trkpt lat="24.431839" lon="118.099309"></trkpt>
<trkpt lat="24.431785" lon="118.09918"></trkpt>
<trkpt lat="24.431748" lon="118.09902"></trkpt>
<trkpt lat="24.431732" lon="118.098859"></trkpt>
<trkpt lat="24.431828" lon="118.09755"></trkpt>
<trkpt lat="24.431936" lon="118.096396"></trkpt>
<trkpt lat="24.4323" lon="118.092861"></trkpt>
<trkpt lat="24.4323" lon="118.092861"></trkpt>
<trkpt lat="24.432354" lon="118.092486"></trkpt>
<trkpt lat="24.432429" lon="118.092137"></trkpt>
<trkpt lat="24.432526" lon="118.091788"></trkpt>
<trkpt lat="24.432676" lon="118.091338"></trkpt>
<trkpt lat="24.432778" lon="118.091075"></trkpt>
<trkpt lat="24.432976" lon="118.090673"></trkpt>
<trkpt lat="24.433143" lon="118.090377"></trkpt>
<trkpt lat="24.433341" lon="118.090061"></trkpt>
<trkpt lat="24.43354" lon="118.089793"></trkpt>
<trkpt lat="24.433593" lon="118.089728"></trkpt>
<trkpt lat="24.43376" lon="118.089525"></trkpt>
<trkpt lat="24.434462" lon="118.088779"></trkpt>
<trkpt lat="24.43542" lon="118.087788"></trkpt>
<trkpt lat="24.43542" lon="118.087788"></trkpt>
<trkpt lat="24.435422" lon="118.087786"></trkpt>
<trkpt lat="24.437176" lon="118.085952"></trkpt>
<trkpt lat="24.437429" lon="118.085716"></trkpt>
<trkpt lat="24.437971" lon="118.085276"></trkpt>
<trkpt lat="24.438335" lon="118.085013"></trkpt>
<trkpt lat="24.438689" lon="118.084788"></trkpt>
<trkpt lat="24.439097" lon="118.084552"></trkpt>
<trkpt lat="24.440132" lon="118.084031"></trkpt>
<trkpt lat="24.440132" lon="118.084031"></trkpt>
<trkpt lat="24.440256" lon="118.083999"></trkpt>
<trkpt lat="24.440615" lon="118.083865"></trkpt>
<trkpt lat="24.440701" lon="118.083838"></trkpt>
<trkpt lat="24.440787" lon="118.083833"></trkpt>
<trkpt lat="24.440873" lon="118.083833"></trkpt>
<trkpt lat="24.441018" lon="118.083865"></trkpt>
<trkpt lat="24.441146" lon="118.083924"></trkpt>
<trkpt lat="24.441253" lon="118.083994"></trkpt>
<trkpt lat="24.441355" lon="118.08408"></trkpt>
<trkpt lat="24.441554" lon="118.084283"></trkpt>
<trkpt lat="24.441635" lon="118.084391"></trkpt>
<trkpt lat="24.441779" lon="118.084605"></trkpt>
<trkpt lat="24.441838" lon="118.084696"></trkpt>
<trkpt lat="24.442139" lon="118.085238"></trkpt>
<trkpt lat="24.442165" lon="118.085286"></trkpt>
<trkpt lat="24.442262" lon="118.085405"></trkpt>
<trkpt lat="24.442391" lon="118.085689"></trkpt>
<trkpt lat="24.44252" lon="118.085979"></trkpt>
<trkpt lat="24.44252" lon="118.085979"></trkpt>
<trkpt lat="24.442584" lon="118.086236"></trkpt>
<trkpt lat="24.442686" lon="118.086424"></trkpt>
<trkpt lat="24.443131" lon="118.087126"></trkpt>
<trkpt lat="24.443265" lon="118.08732"></trkpt>
<trkpt lat="24.443544" lon="118.087685"></trkpt>
<trkpt lat="24.443587" lon="118.087668"></trkpt>
<trkpt lat="24.4437" lon="118.087615"></trkpt>
<trkpt lat="24.443732" lon="118.087572"></trkpt>
<trkpt lat="24.443786" lon="118.087465"></trkpt>
<trkpt lat="24.443786" lon="118.087465"></trkpt>
<trkpt lat="24.44371" lon="118.0874"></trkpt>
<trkpt lat="24.443426" lon="118.087051"></trkpt>
<trkpt lat="24.442858" lon="118.086247"></trkpt>
<trkpt lat="24.442729" lon="118.086123"></trkpt>
<trkpt lat="24.442659" lon="118.086005"></trkpt>
<trkpt lat="24.442589" lon="118.085887"></trkpt>
<trkpt lat="24.442589" lon="118.085887"></trkpt>
<trkpt lat="24.442482" lon="118.085678"></trkpt>
<trkpt lat="24.442412" lon="118.085528"></trkpt>
<trkpt lat="24.442208" lon="118.085077"></trkpt>
<trkpt lat="24.442015" lon="118.084611"></trkpt>
<trkpt lat="24.441903" lon="118.084385"></trkpt>
<trkpt lat="24.441806" lon="118.084214"></trkpt>
<trkpt lat="24.441672" lon="118.084031"></trkpt>
<trkpt lat="24.441543" lon="118.083886"></trkpt>
<trkpt lat="24.44142" lon="118.083779"></trkpt>
<trkpt lat="24.441253" lon="118.083672"></trkpt>
<trkpt lat="24.441103" lon="118.083597"></trkpt>
<trkpt lat="24.440942" lon="118.083548"></trkpt>
<trkpt lat="24.440787" lon="118.083522"></trkpt>
<trkpt lat="24.440605" lon="118.083516"></trkpt>
<trkpt lat="24.44046" lon="118.083527"></trkpt>
<trkpt lat="24.440288" lon="118.083565"></trkpt>
<trkpt lat="24.440138" lon="118.083618"></trkpt>
<trkpt lat="24.439923" lon="118.083731"></trkpt>
<trkpt lat="24.438995" lon="118.084262"></trkpt>
<trkpt lat="24.4384" lon="118.084616"></trkpt>
<trkpt lat="24.438169" lon="118.084782"></trkpt>
<trkpt lat="24.437986" lon="118.084959"></trkpt>
<trkpt lat="24.437885" lon="118.085077"></trkpt>
<trkpt lat="24.437413" lon="118.085469"></trkpt>
<trkpt lat="24.43678" lon="118.086129"></trkpt>
<trkpt lat="24.435728" lon="118.087228"></trkpt>
<trkpt lat="24.435514" lon="118.087454"></trkpt>
<trkpt lat="24.435304" lon="118.087679"></trkpt>
<trkpt lat="24.434875" lon="118.088173"></trkpt>
<trkpt lat="24.43443" lon="118.088639"></trkpt>
<trkpt lat="24.434033" lon="118.089058"></trkpt>
<trkpt lat="24.43362" lon="118.089519"></trkpt>
<trkpt lat="24.433593" lon="118.089557"></trkpt>
<trkpt lat="24.433379" lon="118.089836"></trkpt>
<trkpt lat="24.433153" lon="118.090152"></trkpt>
<trkpt lat="24.433014" lon="118.090393"></trkpt>
<trkpt lat="24.432821" lon="118.090635"></trkpt>
<trkpt lat="24.43266" lon="118.09107"></trkpt>
<trkpt lat="24.432418" lon="118.091783"></trkpt>
<trkpt lat="24.432316" lon="118.09218"></trkpt>
<trkpt lat="24.432257" lon="118.092464"></trkpt>
<trkpt lat="24.432198" lon="118.092866"></trkpt>
<trkpt lat="24.43185" lon="118.096482"></trkpt>
<trkpt lat="24.431646" lon="118.098623"></trkpt>
<trkpt lat="24.431635" lon="118.098869"></trkpt>
<trkpt lat="24.431646" lon="118.099068"></trkpt>
<trkpt lat="24.431678" lon="118.09925"></trkpt>
<trkpt lat="24.431732" lon="118.099427"></trkpt>
<trkpt lat="24.431807" lon="118.09961"></trkpt>
<trkpt lat="24.431898" lon="118.099771"></trkpt>
<trkpt lat="24.432064" lon="118.099996"></trkpt>
<trkpt lat="24.432064" lon="118.099996"></trkpt>
<trkpt lat="24.432354" lon="118.100334"></trkpt>
<trkpt lat="24.432456" lon="118.100484"></trkpt>
<trkpt lat="24.432542" lon="118.100656"></trkpt>
<trkpt lat="24.432606" lon="118.100822"></trkpt>
<trkpt lat="24.432628" lon="118.100897"></trkpt>
<trkpt lat="24.432649" lon="118.100983"></trkpt>
<trkpt lat="24.432676" lon="118.101176"></trkpt>
<trkpt lat="24.432681" lon="118.101348"></trkpt>
<trkpt lat="24.432665" lon="118.101541"></trkpt>
<trkpt lat="24.432579" lon="118.101954"></trkpt>
<trkpt lat="24.432504" lon="118.102238"></trkpt>
<trkpt lat="24.432333" lon="118.102753"></trkpt>
<trkpt lat="24.43222" lon="118.103027"></trkpt>
<trkpt lat="24.432215" lon="118.103038"></trkpt>
<trkpt lat="24.431946" lon="118.103665"></trkpt>
<trkpt lat="24.431748" lon="118.104126"></trkpt>
<trkpt lat="24.431544" lon="118.104706"></trkpt>
<trkpt lat="24.431458" lon="118.10499"></trkpt>
<trkpt lat="24.431415" lon="118.105156"></trkpt>
<trkpt lat="24.431388" lon="118.105248"></trkpt>
<trkpt lat="24.431324" lon="118.105468"></trkpt>
<trkpt lat="24.431281" lon="118.105628"></trkpt>
<trkpt lat="24.431174" lon="118.106041"></trkpt>
<trkpt lat="24.431152" lon="118.106095"></trkpt>
<trkpt lat="24.431083" lon="118.106433"></trkpt>
<trkpt lat="24.430879" lon="118.107082"></trkpt>
<trkpt lat="24.43067" lon="118.107635"></trkpt>
<trkpt lat="24.430589" lon="118.107849"></trkpt>
<trkpt lat="24.430337" lon="118.108407"></trkpt>
<trkpt lat="24.430171" lon="118.108831"></trkpt>
<trkpt lat="24.430112" lon="118.109008"></trkpt>
<trkpt lat="24.42994" lon="118.109475"></trkpt>
<trkpt lat="24.429779" lon="118.110135"></trkpt>
<trkpt lat="24.429731" lon="118.110322"></trkpt>
<trkpt lat="24.429575" lon="118.110644"></trkpt>
<trkpt lat="24.429527" lon="118.110773"></trkpt>
<trkpt lat="24.42927" lon="118.112371"></trkpt>
<trkpt lat="24.429194" lon="118.112838"></trkpt>
<trkpt lat="24.429141" lon="118.113203"></trkpt>
<trkpt lat="24.429087" lon="118.113589"></trkpt>
<trkpt lat="24.428915" lon="118.114421"></trkpt>
<trkpt lat="24.428765" lon="118.114925"></trkpt>
<trkpt lat="24.428679" lon="118.115247"></trkpt>
<trkpt lat="24.428658" lon="118.115327"></trkpt>
<trkpt lat="24.428508" lon="118.1158"></trkpt>
<trkpt lat="24.428277" lon="118.116491"></trkpt>
<trkpt lat="24.428121" lon="118.117103"></trkpt>
<trkpt lat="24.428036" lon="118.117629"></trkpt>
<trkpt lat="24.427993" lon="118.118203"></trkpt>
<trkpt lat="24.427993" lon="118.118578"></trkpt>
<trkpt lat="24.427971" lon="118.1192"></trkpt>
<trkpt lat="24.427891" lon="118.119689"></trkpt>
<trkpt lat="24.427875" lon="118.119758"></trkpt>
<trkpt lat="24.427805" lon="118.120021"></trkpt>
<trkpt lat="24.427708" lon="118.120306"></trkpt>
<trkpt lat="24.427574" lon="118.120606"></trkpt>
<trkpt lat="24.42744" lon="118.120863"></trkpt>
<trkpt lat="24.427054" lon="118.121464"></trkpt>
<trkpt lat="24.426518" lon="118.122242"></trkpt>
<trkpt lat="24.426233" lon="118.122612"></trkpt>
<trkpt lat="24.425917" lon="118.123052"></trkpt>
<trkpt lat="24.425852" lon="118.123149"></trkpt>
<trkpt lat="24.425278" lon="118.123921"></trkpt>
<trkpt lat="24.425166" lon="118.124189"></trkpt>
<trkpt lat="24.424726" lon="118.125"></trkpt>
<trkpt lat="24.424667" lon="118.125123"></trkpt>
<trkpt lat="24.424597" lon="118.125251"></trkpt>
<trkpt lat="24.424366" lon="118.125911"></trkpt>
<trkpt lat="24.424238" lon="118.126485"></trkpt>
<trkpt lat="24.424136" lon="118.127285"></trkpt>
<trkpt lat="24.42413" lon="118.12802"></trkpt>
<trkpt lat="24.424136" lon="118.12817"></trkpt>
<trkpt lat="24.424136" lon="118.128272"></trkpt>
<trkpt lat="24.424136" lon="118.128985"></trkpt>
<trkpt lat="24.424136" lon="118.129178"></trkpt>
<trkpt lat="24.424136" lon="118.129221"></trkpt>
<trkpt lat="24.424136" lon="118.12994"></trkpt>
<trkpt lat="24.424125" lon="118.130305"></trkpt>
<trkpt lat="24.424114" lon="118.130407"></trkpt>
<trkpt lat="24.424077" lon="118.130718"></trkpt>
<trkpt lat="24.424001" lon="118.131126"></trkpt>
<trkpt lat="24.423905" lon="118.131523"></trkpt>
<trkpt lat="24.423808" lon="118.131844"></trkpt>
<trkpt lat="24.422998" lon="118.133947"></trkpt>
<trkpt lat="24.422811" lon="118.134553"></trkpt>
<trkpt lat="24.42273" lon="118.134929"></trkpt>
<trkpt lat="24.422693" lon="118.135358"></trkpt>
<trkpt lat="24.422693" lon="118.135594"></trkpt>
<trkpt lat="24.422709" lon="118.135916"></trkpt>
<trkpt lat="24.422768" lon="118.136335"></trkpt>
<trkpt lat="24.422934" lon="118.13693"></trkpt>
<trkpt lat="24.423015" lon="118.137155"></trkpt>
<trkpt lat="24.423175" lon="118.137482"></trkpt>
<trkpt lat="24.423277" lon="118.13767"></trkpt>
<trkpt lat="24.423535" lon="118.138062"></trkpt>
<trkpt lat="24.423723" lon="118.138287"></trkpt>
<trkpt lat="24.424109" lon="118.138657"></trkpt>
<trkpt lat="24.424259" lon="118.138786"></trkpt>
<trkpt lat="24.42472" lon="118.139076"></trkpt>
<trkpt lat="24.424908" lon="118.139167"></trkpt>
<trkpt lat="24.425219" lon="118.139296"></trkpt>
<trkpt lat="24.426233" lon="118.139639"></trkpt>
<trkpt lat="24.428084" lon="118.14024"></trkpt>
<trkpt lat="24.428282" lon="118.140299"></trkpt>
<trkpt lat="24.428749" lon="118.140497"></trkpt>
<trkpt lat="24.428851" lon="118.140545"></trkpt>
<trkpt lat="24.428905" lon="118.140567"></trkpt>
<trkpt lat="24.429377" lon="118.140798"></trkpt>
<trkpt lat="24.429581" lon="118.140932"></trkpt>
<trkpt lat="24.429849" lon="118.141103"></trkpt>
<trkpt lat="24.430096" lon="118.141291"></trkpt>
<trkpt lat="24.430375" lon="118.141527"></trkpt>
<trkpt lat="24.430873" lon="118.142021"></trkpt>
<trkpt lat="24.431185" lon="118.142396"></trkpt>
<trkpt lat="24.431581" lon="118.142965"></trkpt>
<trkpt lat="24.431705" lon="118.142718"></trkpt>
<trkpt lat="24.431453" lon="118.142326"></trkpt>
<trkpt lat="24.431452" lon="118.142325"></trkpt>
<trkpt lat="24.431254" lon="118.142064"></trkpt>
<trkpt lat="24.43089" lon="118.141656"></trkpt>
<trkpt lat="24.430664" lon="118.141441"></trkpt>
<trkpt lat="24.429999" lon="118.140905"></trkpt>
<trkpt lat="24.429559" lon="118.14061"></trkpt>
<trkpt lat="24.429468" lon="118.140572"></trkpt>
<trkpt lat="24.429205" lon="118.14046"></trkpt>
<trkpt lat="24.429023" lon="118.140385"></trkpt>
<trkpt lat="24.428653" lon="118.14024"></trkpt>
<trkpt lat="24.428288" lon="118.140073"></trkpt>
<trkpt lat="24.428282" lon="118.140299"></trkpt>
<trkpt lat="24.428749" lon="118.140497"></trkpt>
<trkpt lat="24.428851" lon="118.140545"></trkpt>
<trkpt lat="24.428905" lon="118.140567"></trkpt>
<trkpt lat="24.429377" lon="118.140798"></trkpt>
<trkpt lat="24.429581" lon="118.140932"></trkpt>
<trkpt lat="24.429849" lon="118.141103"></trkpt>
<trkpt lat="24.430096" lon="118.141291"></trkpt>
<trkpt lat="24.430375" lon="118.141527"></trkpt>
<trkpt lat="24.430873" lon="118.142021"></trkpt>
<trkpt lat="24.431185" lon="118.142396"></trkpt>
<trkpt lat="24.431581" lon="118.142965"></trkpt>
<trkpt lat="24.431812" lon="118.143405"></trkpt>
<trkpt lat="24.431871" lon="118.143528"></trkpt>
<trkpt lat="24.431984" lon="118.143759"></trkpt>
<trkpt lat="24.432118" lon="118.144091"></trkpt>
<trkpt lat="24.432268" lon="118.14451"></trkpt>
<trkpt lat="24.432418" lon="118.145062"></trkpt>
<trkpt lat="24.432831" lon="118.146972"></trkpt>
<trkpt lat="24.432864" lon="118.147122"></trkpt>
<trkpt lat="24.43295" lon="118.147444"></trkpt>
<trkpt lat="24.433078" lon="118.14783"></trkpt>
<trkpt lat="24.433218" lon="118.148179"></trkpt>
<trkpt lat="24.433368" lon="118.148501"></trkpt>
<trkpt lat="24.433416" lon="118.148587"></trkpt>
<trkpt lat="24.433454" lon="118.148656"></trkpt>
<trkpt lat="24.433593" lon="118.148893"></trkpt>
<trkpt lat="24.433727" lon="118.149107"></trkpt>
<trkpt lat="24.43391" lon="118.149365"></trkpt>
<trkpt lat="24.434119" lon="118.149622"></trkpt>
<trkpt lat="24.434387" lon="118.149912"></trkpt>
<trkpt lat="24.435487" lon="118.151033"></trkpt>
<trkpt lat="24.435546" lon="118.151097"></trkpt>
<trkpt lat="24.435921" lon="118.151441"></trkpt>
<trkpt lat="24.437123" lon="118.152658"></trkpt>
<trkpt lat="24.437777" lon="118.153361"></trkpt>
<trkpt lat="24.437981" lon="118.153441"></trkpt>
<trkpt lat="24.438528" lon="118.153061"></trkpt>
<trkpt lat="24.438823" lon="118.152878"></trkpt>
<trkpt lat="24.439108" lon="118.152706"></trkpt>
<trkpt lat="24.440626" lon="118.151795"></trkpt>
<trkpt lat="24.440873" lon="118.15165"></trkpt>
<trkpt lat="24.441098" lon="118.151537"></trkpt>
<trkpt lat="24.441345" lon="118.151441"></trkpt>
<trkpt lat="24.441629" lon="118.151366"></trkpt>
<trkpt lat="24.441838" lon="118.151328"></trkpt>
<trkpt lat="24.442096" lon="118.151306"></trkpt>
<trkpt lat="24.442525" lon="118.151333"></trkpt>
<trkpt lat="24.442943" lon="118.151441"></trkpt>
<trkpt lat="24.443093" lon="118.151478"></trkpt>
<trkpt lat="24.443287" lon="118.151532"></trkpt>
<trkpt lat="24.44458" lon="118.151859"></trkpt>
<trkpt lat="24.444756" lon="118.151902"></trkpt>
<trkpt lat="24.445293" lon="118.152052"></trkpt>
<trkpt lat="24.445695" lon="118.152186"></trkpt>
<trkpt lat="24.445942" lon="118.15232"></trkpt>
<trkpt lat="24.446269" lon="118.152546"></trkpt>
<trkpt lat="24.44658" lon="118.152851"></trkpt>
<trkpt lat="24.447321" lon="118.153645"></trkpt>
<trkpt lat="24.447712" lon="118.154032"></trkpt>
<trkpt lat="24.447948" lon="118.154214"></trkpt>
<trkpt lat="24.448109" lon="118.154316"></trkpt>
<trkpt lat="24.448957" lon="118.154836"></trkpt>
<trkpt lat="24.44929" lon="118.155056"></trkpt>
<trkpt lat="24.44929" lon="118.155056"></trkpt>
<trkpt lat="24.449568" lon="118.155271"></trkpt>
<trkpt lat="24.449719" lon="118.15541"></trkpt>
<trkpt lat="24.449901" lon="118.155603"></trkpt>
<trkpt lat="24.450078" lon="118.155818"></trkpt>
<trkpt lat="24.450234" lon="118.156038"></trkpt>
<trkpt lat="24.450411" lon="118.156317"></trkpt>
<trkpt lat="24.450604" lon="118.156725"></trkpt>
<trkpt lat="24.450711" lon="118.156901"></trkpt>
<trkpt lat="24.450931" lon="118.157561"></trkpt>
<trkpt lat="24.451317" lon="118.15865"></trkpt>
<trkpt lat="24.451398" lon="118.158988"></trkpt>
<trkpt lat="24.451398" lon="118.158988"></trkpt>
<trkpt lat="24.451457" lon="118.159337"></trkpt>
<trkpt lat="24.451467" lon="118.159857"></trkpt>
<trkpt lat="24.451435" lon="118.160254"></trkpt>
<trkpt lat="24.451387" lon="118.160581"></trkpt>
<trkpt lat="24.451344" lon="118.160823"></trkpt>
<trkpt lat="24.451285" lon="118.161134"></trkpt>
<trkpt lat="24.451188" lon="118.161692"></trkpt>
<trkpt lat="24.451146" lon="118.162132"></trkpt>
<trkpt lat="24.45114" lon="118.162438"></trkpt>
<trkpt lat="24.451167" lon="118.163044"></trkpt>
<trkpt lat="24.451328" lon="118.164149"></trkpt>
<trkpt lat="24.451328" lon="118.164369"></trkpt>
<trkpt lat="24.451301" lon="118.164696"></trkpt>
<trkpt lat="24.451215" lon="118.165163"></trkpt>
<trkpt lat="24.451194" lon="118.165404"></trkpt>
<trkpt lat="24.451205" lon="118.165876"></trkpt>
<trkpt lat="24.451247" lon="118.166161"></trkpt>
<trkpt lat="24.451344" lon="118.166423"></trkpt>
<trkpt lat="24.451505" lon="118.166713"></trkpt>
<trkpt lat="24.451591" lon="118.166836"></trkpt>
<trkpt lat="24.451875" lon="118.167175"></trkpt>
<trkpt lat="24.452288" lon="118.167722"></trkpt>
<trkpt lat="24.452374" lon="118.167845"></trkpt>
<trkpt lat="24.452417" lon="118.167915"></trkpt>
<trkpt lat="24.452562" lon="118.168119"></trkpt>
<trkpt lat="24.452862" lon="118.168676"></trkpt>
<trkpt lat="24.452996" lon="118.168945"></trkpt>
<trkpt lat="24.453001" lon="118.168955"></trkpt>
<trkpt lat="24.453152" lon="118.169277"></trkpt>
<trkpt lat="24.453383" lon="118.169889"></trkpt>
<trkpt lat="24.453474" lon="118.170098"></trkpt>
<trkpt lat="24.453796" lon="118.17071"></trkpt>
<trkpt lat="24.45416" lon="118.171203"></trkpt>
<trkpt lat="24.454327" lon="118.171386"></trkpt>
<trkpt lat="24.454423" lon="118.171477"></trkpt>
<trkpt lat="24.454423" lon="118.171477"></trkpt>
<trkpt lat="24.45452" lon="118.17167"></trkpt>
<trkpt lat="24.454595" lon="118.171756"></trkpt>
<trkpt lat="24.455281" lon="118.172464"></trkpt>
<trkpt lat="24.455566" lon="118.172796"></trkpt>
<trkpt lat="24.455646" lon="118.172893"></trkpt>
<trkpt lat="24.455786" lon="118.173113"></trkpt>
<trkpt lat="24.456043" lon="118.17351"></trkpt>
<trkpt lat="24.45637" lon="118.174003"></trkpt>
<trkpt lat="24.456574" lon="118.174416"></trkpt>
<trkpt lat="24.456746" lon="118.174899"></trkpt>
<trkpt lat="24.457014" lon="118.175843"></trkpt>
<trkpt lat="24.4571" lon="118.176079"></trkpt>
<trkpt lat="24.457191" lon="118.176278"></trkpt>
<trkpt lat="24.457191" lon="118.176278"></trkpt>
<trkpt lat="24.457454" lon="118.176702"></trkpt>
<trkpt lat="24.457642" lon="118.176932"></trkpt>
<trkpt lat="24.457803" lon="118.177099"></trkpt>
<trkpt lat="24.458006" lon="118.177265"></trkpt>
<trkpt lat="24.458216" lon="118.177404"></trkpt>
<trkpt lat="24.458441" lon="118.177533"></trkpt>
<trkpt lat="24.458683" lon="118.17764"></trkpt>
<trkpt lat="24.458919" lon="118.177721"></trkpt>
<trkpt lat="24.459144" lon="118.177775"></trkpt>
<trkpt lat="24.460732" lon="118.17807"></trkpt>
<trkpt lat="24.464245" lon="118.178724"></trkpt>
<trkpt lat="24.464857" lon="118.178853"></trkpt>
<trkpt lat="24.464857" lon="118.178853"></trkpt>
<trkpt lat="24.465179" lon="118.17896"></trkpt>
<trkpt lat="24.465554" lon="118.17911"></trkpt>
<trkpt lat="24.465806" lon="118.179234"></trkpt>
<trkpt lat="24.466059" lon="118.179384"></trkpt>
<trkpt lat="24.466552" lon="118.179743"></trkpt>
<trkpt lat="24.46711" lon="118.180162"></trkpt>
<trkpt lat="24.467502" lon="118.180425"></trkpt>
<trkpt lat="24.468236" lon="118.180875"></trkpt>
<trkpt lat="24.468805" lon="118.18117"></trkpt>
<trkpt lat="24.469181" lon="118.181342"></trkpt>
<trkpt lat="24.469685" lon="118.181556"></trkpt>
<trkpt lat="24.470232" lon="118.181755"></trkpt>
<trkpt lat="24.471895" lon="118.182318"></trkpt>
<trkpt lat="24.472217" lon="118.182452"></trkpt>
<trkpt lat="24.472356" lon="118.182511"></trkpt>
<trkpt lat="24.472802" lon="118.182699"></trkpt>
<trkpt lat="24.473408" lon="118.183"></trkpt>
<trkpt lat="24.476273" lon="118.184459"></trkpt>
<trkpt lat="24.476519" lon="118.184598"></trkpt>
<trkpt lat="24.477538" lon="118.185118"></trkpt>
<trkpt lat="24.478134" lon="118.185419"></trkpt>
<trkpt lat="24.478906" lon="118.185805"></trkpt>
<trkpt lat="24.481272" lon="118.187001"></trkpt>
<trkpt lat="24.481658" lon="118.1872"></trkpt>
<trkpt lat="24.482093" lon="118.187404"></trkpt>
<trkpt lat="24.482736" lon="118.187618"></trkpt>
<trkpt lat="24.483096" lon="118.18771"></trkpt>
<trkpt lat="24.483348" lon="118.187763"></trkpt>
<trkpt lat="24.483766" lon="118.187822"></trkpt>
<trkpt lat="24.486272" lon="118.188117"></trkpt>
<trkpt lat="24.486647" lon="118.188171"></trkpt>
<trkpt lat="24.48749" lon="118.188171"></trkpt>
<trkpt lat="24.487736" lon="118.18816"></trkpt>
<trkpt lat="24.488224" lon="118.188176"></trkpt>
<trkpt lat="24.488525" lon="118.188198"></trkpt>
<trkpt lat="24.488611" lon="118.188208"></trkpt>
<trkpt lat="24.488927" lon="118.188262"></trkpt>
<trkpt lat="24.489405" lon="118.188364"></trkpt>
<trkpt lat="24.489898" lon="118.188439"></trkpt>
<trkpt lat="24.490746" lon="118.188552"></trkpt>
<trkpt lat="24.491014" lon="118.188568"></trkpt>
<trkpt lat="24.49132" lon="118.188568"></trkpt>
<trkpt lat="24.492087" lon="118.188471"></trkpt>
<trkpt lat="24.492613" lon="118.188369"></trkpt>
<trkpt lat="24.492816" lon="118.188251"></trkpt>
<trkpt lat="24.492875" lon="118.188214"></trkpt>
<trkpt lat="24.492902" lon="118.188198"></trkpt>
<trkpt lat="24.493079" lon="118.188096"></trkpt>
<trkpt lat="24.493235" lon="118.188042"></trkpt>
<trkpt lat="24.493492" lon="118.187999"></trkpt>
<trkpt lat="24.493776" lon="118.187956"></trkpt>
<trkpt lat="24.494302" lon="118.187913"></trkpt>
<trkpt lat="24.49508" lon="118.187935"></trkpt>
<trkpt lat="24.495643" lon="118.187924"></trkpt>
<trkpt lat="24.495853" lon="118.187945"></trkpt>
<trkpt lat="24.496131" lon="118.187994"></trkpt>
<trkpt lat="24.496131" lon="118.187994"></trkpt>
<trkpt lat="24.496931" lon="118.187913"></trkpt>
<trkpt lat="24.497258" lon="118.187972"></trkpt>
<trkpt lat="24.497607" lon="118.188042"></trkpt>
<trkpt lat="24.497741" lon="118.18809"></trkpt>
<trkpt lat="24.498052" lon="118.188208"></trkpt>
<trkpt lat="24.498352" lon="118.188326"></trkpt>
<trkpt lat="24.499511" lon="118.188761"></trkpt>
<trkpt lat="24.499758" lon="118.188857"></trkpt>
<trkpt lat="24.50023" lon="118.189051"></trkpt>
<trkpt lat="24.500949" lon="118.189292"></trkpt>
<trkpt lat="24.501002" lon="118.189313"></trkpt>
<trkpt lat="24.501319" lon="118.189415"></trkpt>
<trkpt lat="24.501603" lon="118.189501"></trkpt>
<trkpt lat="24.502183" lon="118.189619"></trkpt>
<trkpt lat="24.502472" lon="118.189673"></trkpt>
<trkpt lat="24.503363" lon="118.189716"></trkpt>
<trkpt lat="24.503674" lon="118.189716"></trkpt>
<trkpt lat="24.504393" lon="118.189657"></trkpt>
<trkpt lat="24.504596" lon="118.189641"></trkpt>
<trkpt lat="24.505433" lon="118.18949"></trkpt>
<trkpt lat="24.505905" lon="118.189351"></trkpt>
<trkpt lat="24.506115" lon="118.189292"></trkpt>
<trkpt lat="24.506656" lon="118.189067"></trkpt>
<trkpt lat="24.506758" lon="118.189029"></trkpt>
<trkpt lat="24.507359" lon="118.188696"></trkpt>
<trkpt lat="24.507923" lon="118.188342"></trkpt>
<trkpt lat="24.508137" lon="118.188181"></trkpt>
<trkpt lat="24.508571" lon="118.187828"></trkpt>
<trkpt lat="24.50899" lon="118.187446"></trkpt>
<trkpt lat="24.509521" lon="118.186867"></trkpt>
<trkpt lat="24.510208" lon="118.186063"></trkpt>
<trkpt lat="24.510497" lon="118.185714"></trkpt>
<trkpt lat="24.510986" lon="118.185135"></trkpt>
<trkpt lat="24.510986" lon="118.185135"></trkpt>
<trkpt lat="24.511286" lon="118.185006"></trkpt>
<trkpt lat="24.511774" lon="118.184823"></trkpt>
<trkpt lat="24.511774" lon="118.184823"></trkpt>
<trkpt lat="24.512085" lon="118.184668"></trkpt>
<trkpt lat="24.512273" lon="118.184587"></trkpt>
<trkpt lat="24.512429" lon="118.184545"></trkpt>
<trkpt lat="24.512616" lon="118.184528"></trkpt>
<trkpt lat="24.512686" lon="118.184539"></trkpt>
<trkpt lat="24.51274" lon="118.184555"></trkpt>
<trkpt lat="24.512863" lon="118.184614"></trkpt>
<trkpt lat="24.513448" lon="118.184968"></trkpt>
<trkpt lat="24.513577" lon="118.185016"></trkpt>
<trkpt lat="24.515089" lon="118.186143"></trkpt>
<trkpt lat="24.515089" lon="118.186143"></trkpt>
<trkpt lat="24.516039" lon="118.186921"></trkpt>
<trkpt lat="24.517873" lon="118.188514"></trkpt>
<trkpt lat="24.518893" lon="118.189437"></trkpt>
<trkpt lat="24.520588" lon="118.190917"></trkpt>
<trkpt lat="24.521484" lon="118.191701"></trkpt>
<trkpt lat="24.522959" lon="118.192988"></trkpt>
<trkpt lat="24.524391" lon="118.194297"></trkpt>
<trkpt lat="24.526242" lon="118.196083"></trkpt>
<trkpt lat="24.526993" lon="118.196845"></trkpt>
<trkpt lat="24.528045" lon="118.197971"></trkpt>
<trkpt lat="24.5293" lon="118.199398"></trkpt>
<trkpt lat="24.530689" lon="118.20097"></trkpt>
<trkpt lat="24.531574" lon="118.201909"></trkpt>
<trkpt lat="24.53247" lon="118.2028"></trkpt>
<trkpt lat="24.532642" lon="118.202966"></trkpt>
<trkpt lat="24.533768" lon="118.204028"></trkpt>
<trkpt lat="24.543456" lon="118.212713"></trkpt>
<trkpt lat="24.543655" lon="118.21289"></trkpt>
<trkpt lat="24.546181" lon="118.215159"></trkpt>
<trkpt lat="24.54852" lon="118.21723"></trkpt>
<trkpt lat="24.549132" lon="118.21774"></trkpt>
<trkpt lat="24.550639" lon="118.218936"></trkpt>
<trkpt lat="24.551128" lon="118.2193"></trkpt>
<trkpt lat="24.552393" lon="118.220191"></trkpt>
<trkpt lat="24.552946" lon="118.220561"></trkpt>
<trkpt lat="24.553552" lon="118.220958"></trkpt>
<trkpt lat="24.554443" lon="118.221505"></trkpt>
<trkpt lat="24.555419" lon="118.222095"></trkpt>
<trkpt lat="24.556197" lon="118.22253"></trkpt>
<trkpt lat="24.557624" lon="118.223265"></trkpt>
<trkpt lat="24.558809" lon="118.223855"></trkpt>
<trkpt lat="24.559518" lon="118.224246"></trkpt>
<trkpt lat="24.560129" lon="118.224606"></trkpt>
<trkpt lat="24.561256" lon="118.225346"></trkpt>
<trkpt lat="24.561674" lon="118.225646"></trkpt>
<trkpt lat="24.562066" lon="118.225947"></trkpt>
<trkpt lat="24.562221" lon="118.226081"></trkpt>
<trkpt lat="24.562318" lon="118.226161"></trkpt>
<trkpt lat="24.562913" lon="118.226639"></trkpt>
<trkpt lat="24.564061" lon="118.227706"></trkpt>
<trkpt lat="24.564496" lon="118.228141"></trkpt>
<trkpt lat="24.564812" lon="118.22849"></trkpt>
<trkpt lat="24.565123" lon="118.228908"></trkpt>
<trkpt lat="24.56537" lon="118.229235"></trkpt>
<trkpt lat="24.565429" lon="118.2293"></trkpt>
<trkpt lat="24.565499" lon="118.22938"></trkpt>
<trkpt lat="24.565928" lon="118.229852"></trkpt>
<trkpt lat="24.566716" lon="118.230888"></trkpt>
<trkpt lat="24.567312" lon="118.231644"></trkpt>
<trkpt lat="24.567945" lon="118.23239"></trkpt>
<trkpt lat="24.568004" lon="118.232449"></trkpt>
<trkpt lat="24.568288" lon="118.23276"></trkpt>
<trkpt lat="24.568953" lon="118.233452"></trkpt>
<trkpt lat="24.570295" lon="118.234707"></trkpt>
<trkpt lat="24.570472" lon="118.234863"></trkpt>
<trkpt lat="24.570745" lon="118.235088"></trkpt>
<trkpt lat="24.571545" lon="118.235732"></trkpt>
<trkpt lat="24.573293" lon="118.236998"></trkpt>
<trkpt lat="24.574495" lon="118.237792"></trkpt>
<trkpt lat="24.574994" lon="118.238113"></trkpt>
<trkpt lat="24.575836" lon="118.238602"></trkpt>
<trkpt lat="24.576281" lon="118.238838"></trkpt>
<trkpt lat="24.576415" lon="118.238902"></trkpt>
<trkpt lat="24.577268" lon="118.239305"></trkpt>
<trkpt lat="24.577923" lon="118.239573"></trkpt>
<trkpt lat="24.578432" lon="118.23975"></trkpt>
<trkpt lat="24.579151" lon="118.23997"></trkpt>
<trkpt lat="24.580138" lon="118.240216"></trkpt>
<trkpt lat="24.580514" lon="118.240281"></trkpt>
<trkpt lat="24.580648" lon="118.240308"></trkpt>
<trkpt lat="24.581544" lon="118.240458"></trkpt>
<trkpt lat="24.582354" lon="118.240533"></trkpt>
<trkpt lat="24.582949" lon="118.240581"></trkpt>
<trkpt lat="24.583625" lon="118.240603"></trkpt>
<trkpt lat="24.584119" lon="118.240597"></trkpt>
<trkpt lat="24.585471" lon="118.240565"></trkpt>
<trkpt lat="24.586613" lon="118.240506"></trkpt>
<trkpt lat="24.587402" lon="118.240452"></trkpt>
<trkpt lat="24.587847" lon="118.240426"></trkpt>
<trkpt lat="24.590647" lon="118.240259"></trkpt>
<trkpt lat="24.592101" lon="118.240184"></trkpt>
<trkpt lat="24.598388" lon="118.239787"></trkpt>
<trkpt lat="24.603291" lon="118.239487"></trkpt>
<trkpt lat="24.603865" lon="118.23946"></trkpt>
<trkpt lat="24.604584" lon="118.239422"></trkpt>
<trkpt lat="24.605512" lon="118.239396"></trkpt>
<trkpt lat="24.606864" lon="118.239406"></trkpt>
<trkpt lat="24.609375" lon="118.239471"></trkpt>
<trkpt lat="24.611923" lon="118.239524"></trkpt>
<trkpt lat="24.612995" lon="118.239551"></trkpt>
<trkpt lat="24.613612" lon="118.239567"></trkpt>
<trkpt lat="24.615323" lon="118.239605"></trkpt>
<trkpt lat="24.619052" lon="118.239685"></trkpt>
<trkpt lat="24.620232" lon="118.239696"></trkpt>
<trkpt lat="24.620361" lon="118.239691"></trkpt>
<trkpt lat="24.621273" lon="118.239642"></trkpt>
<trkpt lat="24.621798" lon="118.2396"></trkpt>
<trkpt lat="24.622571" lon="118.239487"></trkpt>
<trkpt lat="24.623526" lon="118.239294"></trkpt>
<trkpt lat="24.631245" lon="118.237529"></trkpt>
<trkpt lat="24.631347" lon="118.237507"></trkpt>
<trkpt lat="24.633332" lon="118.237041"></trkpt>
<trkpt lat="24.633911" lon="118.23688"></trkpt>
<trkpt lat="24.634566" lon="118.236681"></trkpt>
<trkpt lat="24.635124" lon="118.236493"></trkpt>
<trkpt lat="24.63861" lon="118.235281"></trkpt>
<trkpt lat="24.639871" lon="118.234863"></trkpt>
<trkpt lat="24.639968" lon="118.23483"></trkpt>
<trkpt lat="24.639968" lon="118.23483"></trkpt>
<trkpt lat="24.640343" lon="118.234852"></trkpt>
<trkpt lat="24.641754" lon="118.234375"></trkpt>
<trkpt lat="24.642333" lon="118.234176"></trkpt>
<trkpt lat="24.643513" lon="118.233768"></trkpt>
<trkpt lat="24.643744" lon="118.233683"></trkpt>
<trkpt lat="24.643975" lon="118.233602"></trkpt>
<trkpt lat="24.644141" lon="118.233543"></trkpt>
<trkpt lat="24.645026" lon="118.233248"></trkpt>
<trkpt lat="24.645166" lon="118.233205"></trkpt>
<trkpt lat="24.645498" lon="118.233092"></trkpt>
<trkpt lat="24.645863" lon="118.232964"></trkpt>
<trkpt lat="24.646603" lon="118.232711"></trkpt>
<trkpt lat="24.647328" lon="118.23247"></trkpt>
<trkpt lat="24.64766" lon="118.232368"></trkpt>
<trkpt lat="24.648594" lon="118.232127"></trkpt>
<trkpt lat="24.648594" lon="118.232127"></trkpt>
<trkpt lat="24.64868" lon="118.232154"></trkpt>
<trkpt lat="24.648755" lon="118.232218"></trkpt>
<trkpt lat="24.648835" lon="118.23232"></trkpt>
<trkpt lat="24.648862" lon="118.232433"></trkpt>
<trkpt lat="24.648883" lon="118.232556"></trkpt>
<trkpt lat="24.649012" lon="118.233479"></trkpt>
<trkpt lat="24.649093" lon="118.233752"></trkpt>
<trkpt lat="24.649173" lon="118.233709"></trkpt>
<trkpt lat="24.649093" lon="118.233017"></trkpt>
<trkpt lat="24.649001" lon="118.232223"></trkpt>
<trkpt lat="24.648867" lon="118.231027"></trkpt>
<trkpt lat="24.648792" lon="118.230265"></trkpt>
<trkpt lat="24.648824" lon="118.230094"></trkpt>
<trkpt lat="24.648889" lon="118.230003"></trkpt>
<trkpt lat="24.649012" lon="118.229906"></trkpt>
<trkpt lat="24.649211" lon="118.229788"></trkpt>
<trkpt lat="24.649334" lon="118.229745"></trkpt>
<trkpt lat="24.649313" lon="118.229686"></trkpt>
<trkpt lat="24.649184" lon="118.229348"></trkpt>
<trkpt lat="24.648948" lon="118.228855"></trkpt>
<trkpt lat="24.648765" lon="118.228425"></trkpt>
<trkpt lat="24.648636" lon="118.228114"></trkpt>
<trkpt lat="24.648256" lon="118.227175"></trkpt>
<trkpt lat="24.648256" lon="118.227175"></trkpt>
<trkpt lat="24.647966" lon="118.22724"></trkpt>
<trkpt lat="24.647939" lon="118.227256"></trkpt>
<trkpt lat="24.647923" lon="118.227288"></trkpt>
<trkpt lat="24.647923" lon="118.227288"></trkpt>
<trkpt lat="24.647789" lon="118.227953"></trkpt>
<trkpt lat="24.647765" lon="118.228068"></trkpt>
</trkseg></trk>
<wpt lat="24.49397" lon="118.077007"><name>东渡邮轮码头</name><desc>提前到码头取票/刷码</desc></wpt>
<wpt lat="24.442228" lon="118.067310"><name>日光岩</name><desc>节假日排队严重，建议早去或傍晚</desc></wpt>
<wpt lat="24.439035" lon="118.069520"><name>菽庄花园+钢琴博物馆</name><desc>钢琴博物馆有免费演奏，卡好时间</desc></wpt>
<wpt lat="24.446214" lon="118.066102"><name>鼓浪屿（全岛）</name><desc>主码头东渡；船票小程序购；不要信路边拉客</desc></wpt>
<wpt lat="24.447422" lon="118.068263"><name>八卦楼（风琴博物馆）</name><desc>每天有管风琴演奏；有免费讲解</desc></wpt>
<wpt lat="24.441099" lon="118.075936"><name>大德记沙滩+皓月园</name><desc>退潮礁石注意防滑</desc></wpt>
<trk><name>Day3 鼓浪屿全日：码头→三大片区</name><trkseg>
<trkpt lat="24.493763" lon="118.077005"></trkpt>
<trkpt lat="24.493763" lon="118.077326"></trkpt>
<trkpt lat="24.493763" lon="118.077326"></trkpt>
<trkpt lat="24.492643" lon="118.077083"></trkpt>
<trkpt lat="24.492643" lon="118.077083"></trkpt>
<trkpt lat="24.492491" lon="118.077062"></trkpt>
<trkpt lat="24.492491" lon="118.077062"></trkpt>
<trkpt lat="24.491697" lon="118.076936"></trkpt>
<trkpt lat="24.491697" lon="118.076936"></trkpt>
<trkpt lat="24.491506" lon="118.07691"></trkpt>
<trkpt lat="24.491506" lon="118.07691"></trkpt>
<trkpt lat="24.490621" lon="118.076797"></trkpt>
<trkpt lat="24.490621" lon="118.076797"></trkpt>
<trkpt lat="24.490564" lon="118.076793"></trkpt>
<trkpt lat="24.490564" lon="118.076793"></trkpt>
<trkpt lat="24.489944" lon="118.076658"></trkpt>
<trkpt lat="24.489944" lon="118.076658"></trkpt>
<trkpt lat="24.488529" lon="118.076402"></trkpt>
<trkpt lat="24.48832" lon="118.076367"></trkpt>
<trkpt lat="24.48832" lon="118.076367"></trkpt>
<trkpt lat="24.48803" lon="118.076324"></trkpt>
<trkpt lat="24.48803" lon="118.076324"></trkpt>
<trkpt lat="24.48694" lon="118.076159"></trkpt>
<trkpt lat="24.48694" lon="118.076159"></trkpt>
<trkpt lat="24.486832" lon="118.076137"></trkpt>
<trkpt lat="24.486832" lon="118.076137"></trkpt>
<trkpt lat="24.486289" lon="118.07602"></trkpt>
<trkpt lat="24.486289" lon="118.07602"></trkpt>
<trkpt lat="24.48605" lon="118.075959"></trkpt>
<trkpt lat="24.485846" lon="118.075833"></trkpt>
<trkpt lat="24.485846" lon="118.075833"></trkpt>
<trkpt lat="24.48549" lon="118.075573"></trkpt>
<trkpt lat="24.48549" lon="118.075573"></trkpt>
<trkpt lat="24.485195" lon="118.075234"></trkpt>
<trkpt lat="24.485191" lon="118.075234"></trkpt>
<trkpt lat="24.485122" lon="118.075291"></trkpt>
<trkpt lat="24.485035" lon="118.075217"></trkpt>
<trkpt lat="24.484852" lon="118.075156"></trkpt>
<trkpt lat="24.484588" lon="118.075187"></trkpt>
<trkpt lat="24.484332" lon="118.075239"></trkpt>
<trkpt lat="24.484145" lon="118.075282"></trkpt>
<trkpt lat="24.484097" lon="118.075286"></trkpt>
<trkpt lat="24.484093" lon="118.075286"></trkpt>
<trkpt lat="24.484041" lon="118.075378"></trkpt>
<trkpt lat="24.483963" lon="118.075447"></trkpt>
<trkpt lat="24.483963" lon="118.075447"></trkpt>
<trkpt lat="24.483811" lon="118.075577"></trkpt>
<trkpt lat="24.483754" lon="118.075577"></trkpt>
<trkpt lat="24.483754" lon="118.075577"></trkpt>
<trkpt lat="24.48375" lon="118.075577"></trkpt>
<trkpt lat="24.483507" lon="118.075729"></trkpt>
<trkpt lat="24.483507" lon="118.075729"></trkpt>
<trkpt lat="24.48322" lon="118.075885"></trkpt>
<trkpt lat="24.48322" lon="118.075885"></trkpt>
<trkpt lat="24.483082" lon="118.075951"></trkpt>
<trkpt lat="24.483082" lon="118.075951"></trkpt>
<trkpt lat="24.482982" lon="118.075994"></trkpt>
<trkpt lat="24.482982" lon="118.075994"></trkpt>
<trkpt lat="24.482943" lon="118.076011"></trkpt>
<trkpt lat="24.482943" lon="118.076011"></trkpt>
<trkpt lat="24.48276" lon="118.076094"></trkpt>
<trkpt lat="24.48276" lon="118.076094"></trkpt>
<trkpt lat="24.482682" lon="118.076133"></trkpt>
<trkpt lat="24.482682" lon="118.076133"></trkpt>
<trkpt lat="24.482491" lon="118.076224"></trkpt>
<trkpt lat="24.482491" lon="118.076224"></trkpt>
<trkpt lat="24.482326" lon="118.076319"></trkpt>
<trkpt lat="24.482326" lon="118.076319"></trkpt>
<trkpt lat="24.482092" lon="118.076471"></trkpt>
<trkpt lat="24.481879" lon="118.076632"></trkpt>
<trkpt lat="24.481879" lon="118.076632"></trkpt>
<trkpt lat="24.481649" lon="118.07684"></trkpt>
<trkpt lat="24.481645" lon="118.07684"></trkpt>
<trkpt lat="24.481398" lon="118.076515"></trkpt>
<trkpt lat="24.481398" lon="118.076515"></trkpt>
<trkpt lat="24.481259" lon="118.076315"></trkpt>
<trkpt lat="24.481254" lon="118.076311"></trkpt>
<trkpt lat="24.481276" lon="118.076302"></trkpt>
<trkpt lat="24.481298" lon="118.076289"></trkpt>
<trkpt lat="24.481298" lon="118.076289"></trkpt>
<trkpt lat="24.48122" lon="118.076168"></trkpt>
<trkpt lat="24.481168" lon="118.076029"></trkpt>
<trkpt lat="24.481137" lon="118.075859"></trkpt>
<trkpt lat="24.481137" lon="118.075729"></trkpt>
<trkpt lat="24.481215" lon="118.075204"></trkpt>
<trkpt lat="24.481254" lon="118.075143"></trkpt>
<trkpt lat="24.481641" lon="118.074996"></trkpt>
<trkpt lat="24.481658" lon="118.074952"></trkpt>
<trkpt lat="24.481641" lon="118.074701"></trkpt>
<trkpt lat="24.481641" lon="118.074701"></trkpt>
<trkpt lat="24.481632" lon="118.074605"></trkpt>
<trkpt lat="24.481632" lon="118.074601"></trkpt>
<trkpt lat="24.481549" lon="118.074141"></trkpt>
<trkpt lat="24.481372" lon="118.073472"></trkpt>
<trkpt lat="24.481372" lon="118.073472"></trkpt>
<trkpt lat="24.480352" lon="118.069614"></trkpt>
<trkpt lat="24.48023" lon="118.069288"></trkpt>
<trkpt lat="24.48023" lon="118.069288"></trkpt>
<trkpt lat="24.479492" lon="118.067318"></trkpt>
<trkpt lat="24.479102" lon="118.066632"></trkpt>
<trkpt lat="24.478069" lon="118.065946"></trkpt>
<trkpt lat="24.477539" lon="118.065777"></trkpt>
<trkpt lat="24.47678" lon="118.065538"></trkpt>
<trkpt lat="24.472543" lon="118.064896"></trkpt>
<trkpt lat="24.466554" lon="118.064019"></trkpt>
<trkpt lat="24.466215" lon="118.063971"></trkpt>
<trkpt lat="24.460043" lon="118.061137"></trkpt>
<trkpt lat="24.459201" lon="118.060477"></trkpt>
<trkpt lat="24.457951" lon="118.059084"></trkpt>
<trkpt lat="24.457665" lon="118.058767"></trkpt>
<trkpt lat="24.455799" lon="118.057092"></trkpt>
<trkpt lat="24.455569" lon="118.056979"></trkpt>
<trkpt lat="24.454236" lon="118.056332"></trkpt>
<trkpt lat="24.453416" lon="118.056133"></trkpt>
<trkpt lat="24.453416" lon="118.056133"></trkpt>
<trkpt lat="24.452982" lon="118.056024"></trkpt>
<trkpt lat="24.451688" lon="118.055877"></trkpt>
<trkpt lat="24.450247" lon="118.055946"></trkpt>
<trkpt lat="24.450043" lon="118.056011"></trkpt>
<trkpt lat="24.448494" lon="118.05671"></trkpt>
<trkpt lat="24.44727" lon="118.057517"></trkpt>
<trkpt lat="24.447179" lon="118.057626"></trkpt>
<trkpt lat="24.447179" lon="118.057626"></trkpt>
<trkpt lat="24.446354" lon="118.058628"></trkpt>
<trkpt lat="24.44635" lon="118.058628"></trkpt>
<trkpt lat="24.446228" lon="118.05878"></trkpt>
<trkpt lat="24.446228" lon="118.05878"></trkpt>
<trkpt lat="24.446133" lon="118.058893"></trkpt>
<trkpt lat="24.446133" lon="118.058893"></trkpt>
<trkpt lat="24.446042" lon="118.059028"></trkpt>
<trkpt lat="24.446042" lon="118.059028"></trkpt>
<trkpt lat="24.446003" lon="118.05908"></trkpt>
<trkpt lat="24.445768" lon="118.059405"></trkpt>
<trkpt lat="24.445768" lon="118.059405"></trkpt>
<trkpt lat="24.445681" lon="118.059505"></trkpt>
<trkpt lat="24.445681" lon="118.059505"></trkpt>
<trkpt lat="24.445651" lon="118.059531"></trkpt>
<trkpt lat="24.445651" lon="118.059531"></trkpt>
<trkpt lat="24.445456" lon="118.05967"></trkpt>
<trkpt lat="24.445456" lon="118.05967"></trkpt>
<trkpt lat="24.445312" lon="118.05974"></trkpt>
<trkpt lat="24.4452" lon="118.059761"></trkpt>
<trkpt lat="24.445161" lon="118.059753"></trkpt>
<trkpt lat="24.445" lon="118.05964"></trkpt>
<trkpt lat="24.444931" lon="118.059622"></trkpt>
<trkpt lat="24.444878" lon="118.059622"></trkpt>
<trkpt lat="24.444727" lon="118.059674"></trkpt>
<trkpt lat="24.444727" lon="118.059674"></trkpt>
<trkpt lat="24.444583" lon="118.059744"></trkpt>
<trkpt lat="24.444453" lon="118.059805"></trkpt>
<trkpt lat="24.444453" lon="118.059805"></trkpt>
<trkpt lat="24.444253" lon="118.059896"></trkpt>
<trkpt lat="24.444023" lon="118.059961"></trkpt>
<trkpt lat="24.443798" lon="118.059983"></trkpt>
<trkpt lat="24.443559" lon="118.059983"></trkpt>
<trkpt lat="24.443451" lon="118.059957"></trkpt>
<trkpt lat="24.443247" lon="118.059865"></trkpt>
<trkpt lat="24.443016" lon="118.059722"></trkpt>
<trkpt lat="24.442856" lon="118.059566"></trkpt>
<trkpt lat="24.442786" lon="118.059523"></trkpt>
<trkpt lat="24.442721" lon="118.059514"></trkpt>
<trkpt lat="24.442582" lon="118.059514"></trkpt>
<trkpt lat="24.442448" lon="118.059562"></trkpt>
<trkpt lat="24.442361" lon="118.059627"></trkpt>
<trkpt lat="24.442248" lon="118.059761"></trkpt>
<trkpt lat="24.442187" lon="118.059874"></trkpt>
<trkpt lat="24.442187" lon="118.059874"></trkpt>
<trkpt lat="24.442153" lon="118.059948"></trkpt>
<trkpt lat="24.442153" lon="118.059948"></trkpt>
<trkpt lat="24.442018" lon="118.060378"></trkpt>
<trkpt lat="24.441927" lon="118.060586"></trkpt>
<trkpt lat="24.441914" lon="118.060694"></trkpt>
<trkpt lat="24.441914" lon="118.060694"></trkpt>
<trkpt lat="24.44194" lon="118.061376"></trkpt>
<trkpt lat="24.44194" lon="118.061376"></trkpt>
<trkpt lat="24.44197" lon="118.061949"></trkpt>
<trkpt lat="24.44197" lon="118.061949"></trkpt>
<trkpt lat="24.442014" lon="118.062326"></trkpt>
<trkpt lat="24.442014" lon="118.062326"></trkpt>
<trkpt lat="24.442431" lon="118.062595"></trkpt>
<trkpt lat="24.442431" lon="118.062595"></trkpt>
<trkpt lat="24.442539" lon="118.062886"></trkpt>
<trkpt lat="24.4426" lon="118.062986"></trkpt>
<trkpt lat="24.4426" lon="118.062986"></trkpt>
<trkpt lat="24.442669" lon="118.063238"></trkpt>
<trkpt lat="24.442669" lon="118.06342"></trkpt>
<trkpt lat="24.442756" lon="118.063602"></trkpt>
<trkpt lat="24.442921" lon="118.063828"></trkpt>
<trkpt lat="24.442951" lon="118.063885"></trkpt>
<trkpt lat="24.442969" lon="118.06401"></trkpt>
<trkpt lat="24.442956" lon="118.064076"></trkpt>
<trkpt lat="24.442908" lon="118.064136"></trkpt>
<trkpt lat="24.442856" lon="118.064175"></trkpt>
<trkpt lat="24.442595" lon="118.064266"></trkpt>
<trkpt lat="24.442504" lon="118.064353"></trkpt>
<trkpt lat="24.442435" lon="118.06444"></trkpt>
<trkpt lat="24.442322" lon="118.064653"></trkpt>
<trkpt lat="24.442227" lon="118.064883"></trkpt>
<trkpt lat="24.442227" lon="118.064883"></trkpt>
<trkpt lat="24.442183" lon="118.065052"></trkpt>
<trkpt lat="24.442183" lon="118.065052"></trkpt>
<trkpt lat="24.442153" lon="118.065239"></trkpt>
<trkpt lat="24.442157" lon="118.065339"></trkpt>
<trkpt lat="24.442205" lon="118.065551"></trkpt>
<trkpt lat="24.442205" lon="118.065551"></trkpt>
<trkpt lat="24.442283" lon="118.065864"></trkpt>
<trkpt lat="24.442283" lon="118.065864"></trkpt>
<trkpt lat="24.442114" lon="118.066198"></trkpt>
<trkpt lat="24.441975" lon="118.066246"></trkpt>
<trkpt lat="24.441675" lon="118.06628"></trkpt>
<trkpt lat="24.441675" lon="118.06628"></trkpt>
<trkpt lat="24.441523" lon="118.066332"></trkpt>
<trkpt lat="24.441215" lon="118.06658"></trkpt>
<trkpt lat="24.441207" lon="118.06658"></trkpt>
<trkpt lat="24.441172" lon="118.066662"></trkpt>
<trkpt lat="24.441137" lon="118.066706"></trkpt>
<trkpt lat="24.441133" lon="118.066706"></trkpt>
<trkpt lat="24.441098" lon="118.067148"></trkpt>
<trkpt lat="24.44115" lon="118.067235"></trkpt>
<trkpt lat="24.44115" lon="118.067235"></trkpt>
<trkpt lat="24.441172" lon="118.067266"></trkpt>
<trkpt lat="24.441211" lon="118.06753"></trkpt>
<trkpt lat="24.441215" lon="118.067799"></trkpt>
<trkpt lat="24.44125" lon="118.067977"></trkpt>
<trkpt lat="24.441328" lon="118.068216"></trkpt>
<trkpt lat="24.441328" lon="118.068312"></trkpt>
<trkpt lat="24.441376" lon="118.068403"></trkpt>
<trkpt lat="24.441428" lon="118.068477"></trkpt>
<trkpt lat="24.441428" lon="118.068472"></trkpt>
<trkpt lat="24.441476" lon="118.068472"></trkpt>
<trkpt lat="24.441493" lon="118.06849"></trkpt>
<trkpt lat="24.441493" lon="118.06849"></trkpt>
<trkpt lat="24.441532" lon="118.068524"></trkpt>
<trkpt lat="24.441623" lon="118.06852"></trkpt>
<trkpt lat="24.44197" lon="118.068628"></trkpt>
<trkpt lat="24.44197" lon="118.068628"></trkpt>
<trkpt lat="24.442044" lon="118.068659"></trkpt>
<trkpt lat="24.442044" lon="118.068659"></trkpt>
<trkpt lat="24.442122" lon="118.068294"></trkpt>
<trkpt lat="24.442122" lon="118.06829"></trkpt>
<trkpt lat="24.442235" lon="118.068238"></trkpt>
<trkpt lat="24.442383" lon="118.068238"></trkpt>
<trkpt lat="24.442383" lon="118.068234"></trkpt>
<trkpt lat="24.442387" lon="118.068073"></trkpt>
<trkpt lat="24.442409" lon="118.068051"></trkpt>
<trkpt lat="24.442452" lon="118.068038"></trkpt>
<trkpt lat="24.442478" lon="118.067995"></trkpt>
<trkpt lat="24.442478" lon="118.06799"></trkpt>
<trkpt lat="24.442474" lon="118.06793"></trkpt>
<trkpt lat="24.442444" lon="118.06786"></trkpt>
<trkpt lat="24.442444" lon="118.067704"></trkpt>
<trkpt lat="24.442444" lon="118.067704"></trkpt>
<trkpt lat="24.442452" lon="118.067604"></trkpt>
<trkpt lat="24.442452" lon="118.067604"></trkpt>
<trkpt lat="24.44247" lon="118.067431"></trkpt>
<trkpt lat="24.44247" lon="118.067426"></trkpt>
<trkpt lat="24.4424" lon="118.067474"></trkpt>
<trkpt lat="24.442344" lon="118.067574"></trkpt>
<trkpt lat="24.442318" lon="118.067578"></trkpt>
<trkpt lat="24.442296" lon="118.067539"></trkpt>
<trkpt lat="24.442313" lon="118.067409"></trkpt>
<trkpt lat="24.442313" lon="118.067352"></trkpt>
<trkpt lat="24.442235" lon="118.0673"></trkpt>
<trkpt lat="24.442231" lon="118.067296"></trkpt>
<trkpt lat="24.442309" lon="118.067348"></trkpt>
<trkpt lat="24.442313" lon="118.067405"></trkpt>
<trkpt lat="24.442296" lon="118.067535"></trkpt>
<trkpt lat="24.442313" lon="118.067578"></trkpt>
<trkpt lat="24.442339" lon="118.067578"></trkpt>
<trkpt lat="24.442396" lon="118.067478"></trkpt>
<trkpt lat="24.44247" lon="118.067431"></trkpt>
<trkpt lat="24.44247" lon="118.067426"></trkpt>
<trkpt lat="24.442457" lon="118.0676"></trkpt>
<trkpt lat="24.442457" lon="118.0676"></trkpt>
<trkpt lat="24.442448" lon="118.0677"></trkpt>
<trkpt lat="24.442448" lon="118.0677"></trkpt>
<trkpt lat="24.442444" lon="118.067856"></trkpt>
<trkpt lat="24.44247" lon="118.067925"></trkpt>
<trkpt lat="24.442478" lon="118.06799"></trkpt>
<trkpt lat="24.442478" lon="118.06799"></trkpt>
<trkpt lat="24.442457" lon="118.068034"></trkpt>
<trkpt lat="24.442413" lon="118.068047"></trkpt>
<trkpt lat="24.442391" lon="118.068069"></trkpt>
<trkpt lat="24.442387" lon="118.068234"></trkpt>
<trkpt lat="24.442383" lon="118.068234"></trkpt>
<trkpt lat="24.44224" lon="118.068234"></trkpt>
<trkpt lat="24.442127" lon="118.06829"></trkpt>
<trkpt lat="24.442122" lon="118.06829"></trkpt>
<trkpt lat="24.442049" lon="118.068659"></trkpt>
<trkpt lat="24.442044" lon="118.068659"></trkpt>
<trkpt lat="24.441975" lon="118.068633"></trkpt>
<trkpt lat="24.441975" lon="118.068633"></trkpt>
<trkpt lat="24.441628" lon="118.06852"></trkpt>
<trkpt lat="24.441536" lon="118.068524"></trkpt>
<trkpt lat="24.441497" lon="118.068494"></trkpt>
<trkpt lat="24.441497" lon="118.068494"></trkpt>
<trkpt lat="24.44148" lon="118.068472"></trkpt>
<trkpt lat="24.441432" lon="118.068472"></trkpt>
<trkpt lat="24.441428" lon="118.068472"></trkpt>
<trkpt lat="24.441332" lon="118.068585"></trkpt>
<trkpt lat="24.441328" lon="118.068585"></trkpt>
<trkpt lat="24.441194" lon="118.068828"></trkpt>
<trkpt lat="24.441168" lon="118.068854"></trkpt>
<trkpt lat="24.44112" lon="118.068854"></trkpt>
<trkpt lat="24.44072" lon="118.068798"></trkpt>
<trkpt lat="24.440716" lon="118.068793"></trkpt>
<trkpt lat="24.440356" lon="118.069076"></trkpt>
<trkpt lat="24.440356" lon="118.069076"></trkpt>
<trkpt lat="24.440308" lon="118.06911"></trkpt>
<trkpt lat="24.440304" lon="118.06911"></trkpt>
<trkpt lat="24.440273" lon="118.06934"></trkpt>
<trkpt lat="24.440204" lon="118.069449"></trkpt>
<trkpt lat="24.4402" lon="118.069449"></trkpt>
<trkpt lat="24.440117" lon="118.069379"></trkpt>
<trkpt lat="24.440117" lon="118.069379"></trkpt>
<trkpt lat="24.440065" lon="118.069336"></trkpt>
<trkpt lat="24.440065" lon="118.069336"></trkpt>
<trkpt lat="24.439674" lon="118.069015"></trkpt>
<trkpt lat="24.439674" lon="118.069015"></trkpt>
<trkpt lat="24.439653" lon="118.068845"></trkpt>
<trkpt lat="24.439648" lon="118.068841"></trkpt>
<trkpt lat="24.439566" lon="118.068841"></trkpt>
<trkpt lat="24.439566" lon="118.068841"></trkpt>
<trkpt lat="24.439444" lon="118.06885"></trkpt>
<trkpt lat="24.43944" lon="118.06885"></trkpt>
<trkpt lat="24.439444" lon="118.06911"></trkpt>
<trkpt lat="24.439444" lon="118.06911"></trkpt>
<trkpt lat="24.439362" lon="118.069115"></trkpt>
<trkpt lat="24.439362" lon="118.069115"></trkpt>
<trkpt lat="24.439193" lon="118.069167"></trkpt>
<trkpt lat="24.439019" lon="118.069262"></trkpt>
<trkpt lat="24.439019" lon="118.069262"></trkpt>
<trkpt lat="24.438997" lon="118.069245"></trkpt>
<trkpt lat="24.438924" lon="118.069245"></trkpt>
<trkpt lat="24.438919" lon="118.06931"></trkpt>
<trkpt lat="24.438915" lon="118.06931"></trkpt>
<trkpt lat="24.438919" lon="118.069358"></trkpt>
<trkpt lat="24.438919" lon="118.069358"></trkpt>
<trkpt lat="24.438928" lon="118.06944"></trkpt>
<trkpt lat="24.438945" lon="118.069449"></trkpt>
<trkpt lat="24.43901" lon="118.069436"></trkpt>
<trkpt lat="24.43901" lon="118.069436"></trkpt>
<trkpt lat="24.439084" lon="118.069423"></trkpt>
<trkpt lat="24.439084" lon="118.069418"></trkpt>
<trkpt lat="24.439045" lon="118.069523"></trkpt>
<trkpt lat="24.439041" lon="118.069523"></trkpt>
<trkpt lat="24.439084" lon="118.069423"></trkpt>
<trkpt lat="24.439084" lon="118.069418"></trkpt>
<trkpt lat="24.439015" lon="118.069431"></trkpt>
<trkpt lat="24.439015" lon="118.069431"></trkpt>
<trkpt lat="24.43895" lon="118.069449"></trkpt>
<trkpt lat="24.438932" lon="118.069444"></trkpt>
<trkpt lat="24.438924" lon="118.069362"></trkpt>
<trkpt lat="24.438924" lon="118.069362"></trkpt>
<trkpt lat="24.438919" lon="118.069314"></trkpt>
<trkpt lat="24.438915" lon="118.06931"></trkpt>
<trkpt lat="24.438919" lon="118.069245"></trkpt>
<trkpt lat="24.438993" lon="118.069245"></trkpt>
<trkpt lat="24.439015" lon="118.069262"></trkpt>
<trkpt lat="24.439015" lon="118.069262"></trkpt>
<trkpt lat="24.439188" lon="118.069171"></trkpt>
<trkpt lat="24.439358" lon="118.069119"></trkpt>
<trkpt lat="24.439358" lon="118.069119"></trkpt>
<trkpt lat="24.439444" lon="118.069115"></trkpt>
<trkpt lat="24.439444" lon="118.06911"></trkpt>
<trkpt lat="24.439444" lon="118.068854"></trkpt>
<trkpt lat="24.43944" lon="118.06885"></trkpt>
<trkpt lat="24.439562" lon="118.068845"></trkpt>
<trkpt lat="24.439562" lon="118.068845"></trkpt>
<trkpt lat="24.439648" lon="118.068845"></trkpt>
<trkpt lat="24.439648" lon="118.068841"></trkpt>
<trkpt lat="24.439657" lon="118.06872"></trkpt>
<trkpt lat="24.439657" lon="118.068715"></trkpt>
<trkpt lat="24.439848" lon="118.068546"></trkpt>
<trkpt lat="24.439883" lon="118.06842"></trkpt>
<trkpt lat="24.439883" lon="118.06842"></trkpt>
<trkpt lat="24.439909" lon="118.068277"></trkpt>
<trkpt lat="24.439909" lon="118.068277"></trkpt>
<trkpt lat="24.439961" lon="118.068047"></trkpt>
<trkpt lat="24.439961" lon="118.068047"></trkpt>
<trkpt lat="24.43997" lon="118.067982"></trkpt>
<trkpt lat="24.43997" lon="118.067982"></trkpt>
<trkpt lat="24.439996" lon="118.06773"></trkpt>
<trkpt lat="24.439996" lon="118.067726"></trkpt>
<trkpt lat="24.440156" lon="118.067695"></trkpt>
<trkpt lat="24.440221" lon="118.067661"></trkpt>
<trkpt lat="24.440221" lon="118.067661"></trkpt>
<trkpt lat="24.440573" lon="118.067426"></trkpt>
<trkpt lat="24.440573" lon="118.067426"></trkpt>
<trkpt lat="24.440647" lon="118.067348"></trkpt>
<trkpt lat="24.440694" lon="118.067313"></trkpt>
<trkpt lat="24.440751" lon="118.067283"></trkpt>
<trkpt lat="24.44082" lon="118.067261"></trkpt>
<trkpt lat="24.440907" lon="118.067244"></trkpt>
<trkpt lat="24.440907" lon="118.067244"></trkpt>
<trkpt lat="24.44115" lon="118.06724"></trkpt>
<trkpt lat="24.44115" lon="118.067235"></trkpt>
<trkpt lat="24.441098" lon="118.067153"></trkpt>
<trkpt lat="24.441133" lon="118.06671"></trkpt>
<trkpt lat="24.441133" lon="118.066706"></trkpt>
<trkpt lat="24.441168" lon="118.066667"></trkpt>
<trkpt lat="24.441207" lon="118.066584"></trkpt>
<trkpt lat="24.441211" lon="118.06658"></trkpt>
<trkpt lat="24.441519" lon="118.066337"></trkpt>
<trkpt lat="24.441671" lon="118.066285"></trkpt>
<trkpt lat="24.441671" lon="118.066285"></trkpt>
<trkpt lat="24.44197" lon="118.06625"></trkpt>
<trkpt lat="24.442109" lon="118.066202"></trkpt>
<trkpt lat="24.442283" lon="118.065868"></trkpt>
<trkpt lat="24.442283" lon="118.065864"></trkpt>
<trkpt lat="24.442426" lon="118.066011"></trkpt>
<trkpt lat="24.442426" lon="118.066011"></trkpt>
<trkpt lat="24.4426" lon="118.066215"></trkpt>
<trkpt lat="24.442873" lon="118.066463"></trkpt>
<trkpt lat="24.442986" lon="118.066519"></trkpt>
<trkpt lat="24.443216" lon="118.066541"></trkpt>
<trkpt lat="24.443303" lon="118.066623"></trkpt>
<trkpt lat="24.443359" lon="118.066706"></trkpt>
<trkpt lat="24.443359" lon="118.066706"></trkpt>
<trkpt lat="24.443624" lon="118.067227"></trkpt>
<trkpt lat="24.443624" lon="118.067227"></trkpt>
<trkpt lat="24.444128" lon="118.066957"></trkpt>
<trkpt lat="24.444128" lon="118.066957"></trkpt>
<trkpt lat="24.444423" lon="118.066875"></trkpt>
<trkpt lat="24.444579" lon="118.066858"></trkpt>
<trkpt lat="24.444601" lon="118.066858"></trkpt>
<trkpt lat="24.444601" lon="118.066853"></trkpt>
<trkpt lat="24.444692" lon="118.066732"></trkpt>
<trkpt lat="24.444688" lon="118.066549"></trkpt>
<trkpt lat="24.44474" lon="118.066437"></trkpt>
<trkpt lat="24.44474" lon="118.066437"></trkpt>
<trkpt lat="24.444766" lon="118.066198"></trkpt>
<trkpt lat="24.444857" lon="118.06599"></trkpt>
<trkpt lat="24.444857" lon="118.065981"></trkpt>
<trkpt lat="24.445" lon="118.065994"></trkpt>
<trkpt lat="24.445" lon="118.065994"></trkpt>
<trkpt lat="24.44559" lon="118.066042"></trkpt>
<trkpt lat="24.44559" lon="118.066042"></trkpt>
<trkpt lat="24.445673" lon="118.066046"></trkpt>
<trkpt lat="24.445673" lon="118.066046"></trkpt>
<trkpt lat="24.445911" lon="118.066107"></trkpt>
<trkpt lat="24.44599" lon="118.066111"></trkpt>
<trkpt lat="24.44599" lon="118.066111"></trkpt>
<trkpt lat="24.446168" lon="118.066037"></trkpt>
<trkpt lat="24.446168" lon="118.066033"></trkpt>
<trkpt lat="24.446168" lon="118.066029"></trkpt>
<trkpt lat="24.446168" lon="118.066033"></trkpt>
<trkpt lat="24.445994" lon="118.066111"></trkpt>
<trkpt lat="24.44599" lon="118.066111"></trkpt>
<trkpt lat="24.446107" lon="118.066602"></trkpt>
<trkpt lat="24.446107" lon="118.066697"></trkpt>
<trkpt lat="24.446102" lon="118.066697"></trkpt>
<trkpt lat="24.445977" lon="118.066749"></trkpt>
<trkpt lat="24.445638" lon="118.066853"></trkpt>
<trkpt lat="24.445551" lon="118.066853"></trkpt>
<trkpt lat="24.445425" lon="118.066832"></trkpt>
<trkpt lat="24.445421" lon="118.066827"></trkpt>
<trkpt lat="24.445443" lon="118.066984"></trkpt>
<trkpt lat="24.445365" lon="118.067105"></trkpt>
<trkpt lat="24.445365" lon="118.067218"></trkpt>
<trkpt lat="24.445365" lon="118.067218"></trkpt>
<trkpt lat="24.445447" lon="118.067248"></trkpt>
<trkpt lat="24.445543" lon="118.067383"></trkpt>
<trkpt lat="24.445612" lon="118.067422"></trkpt>
<trkpt lat="24.445751" lon="118.0674"></trkpt>
<trkpt lat="24.445807" lon="118.067365"></trkpt>
<trkpt lat="24.445842" lon="118.067396"></trkpt>
<trkpt lat="24.445955" lon="118.067795"></trkpt>
<trkpt lat="24.446063" lon="118.068099"></trkpt>
<trkpt lat="24.446063" lon="118.068099"></trkpt>
<trkpt lat="24.446263" lon="118.068394"></trkpt>
<trkpt lat="24.446267" lon="118.068446"></trkpt>
<trkpt lat="24.446246" lon="118.068568"></trkpt>
<trkpt lat="24.446315" lon="118.068828"></trkpt>
<trkpt lat="24.446315" lon="118.068828"></trkpt>
<trkpt lat="24.446385" lon="118.068806"></trkpt>
<trkpt lat="24.446675" lon="118.068763"></trkpt>
<trkpt lat="24.446814" lon="118.068754"></trkpt>
<trkpt lat="24.446814" lon="118.068754"></trkpt>
<trkpt lat="24.44694" lon="118.068763"></trkpt>
<trkpt lat="24.447044" lon="118.068802"></trkpt>
<trkpt lat="24.447044" lon="118.068802"></trkpt>
<trkpt lat="24.447214" lon="118.068707"></trkpt>
<trkpt lat="24.447214" lon="118.068707"></trkpt>
<trkpt lat="24.447435" lon="118.068589"></trkpt>
<trkpt lat="24.447435" lon="118.068585"></trkpt>
<trkpt lat="24.447196" lon="118.068377"></trkpt>
<trkpt lat="24.44714" lon="118.068312"></trkpt>
<trkpt lat="24.447144" lon="118.068268"></trkpt>
<trkpt lat="24.44727" lon="118.068116"></trkpt>
<trkpt lat="24.44727" lon="118.068112"></trkpt>
<trkpt lat="24.447148" lon="118.068264"></trkpt>
<trkpt lat="24.44714" lon="118.068307"></trkpt>
<trkpt lat="24.447192" lon="118.068372"></trkpt>
<trkpt lat="24.447435" lon="118.068585"></trkpt>
<trkpt lat="24.447435" lon="118.068585"></trkpt>
<trkpt lat="24.447218" lon="118.068702"></trkpt>
<trkpt lat="24.447218" lon="118.068702"></trkpt>
<trkpt lat="24.447049" lon="118.068802"></trkpt>
<trkpt lat="24.447044" lon="118.068802"></trkpt>
<trkpt lat="24.446944" lon="118.068767"></trkpt>
<trkpt lat="24.446819" lon="118.068754"></trkpt>
<trkpt lat="24.446814" lon="118.06875"></trkpt>
<trkpt lat="24.446879" lon="118.069145"></trkpt>
<trkpt lat="24.446944" lon="118.069388"></trkpt>
<trkpt lat="24.446944" lon="118.069388"></trkpt>
<trkpt lat="24.44701" lon="118.069557"></trkpt>
<trkpt lat="24.44701" lon="118.069557"></trkpt>
<trkpt lat="24.447135" lon="118.069809"></trkpt>
<trkpt lat="24.447135" lon="118.069809"></trkpt>
<trkpt lat="24.447244" lon="118.070009"></trkpt>
<trkpt lat="24.447244" lon="118.070009"></trkpt>
<trkpt lat="24.447309" lon="118.070113"></trkpt>
<trkpt lat="24.447309" lon="118.070113"></trkpt>
<trkpt lat="24.447335" lon="118.070161"></trkpt>
<trkpt lat="24.447335" lon="118.070161"></trkpt>
<trkpt lat="24.447374" lon="118.070239"></trkpt>
<trkpt lat="24.447374" lon="118.070239"></trkpt>
<trkpt lat="24.4475" lon="118.070495"></trkpt>
<trkpt lat="24.4475" lon="118.070495"></trkpt>
<trkpt lat="24.44724" lon="118.070668"></trkpt>
<trkpt lat="24.447161" lon="118.070729"></trkpt>
<trkpt lat="24.446892" lon="118.071115"></trkpt>
<trkpt lat="24.446892" lon="118.071115"></trkpt>
<trkpt lat="24.446706" lon="118.071402"></trkpt>
<trkpt lat="24.446706" lon="118.071402"></trkpt>
<trkpt lat="24.446276" lon="118.072066"></trkpt>
<trkpt lat="24.446272" lon="118.072066"></trkpt>
<trkpt lat="24.446497" lon="118.072214"></trkpt>
<trkpt lat="24.446519" lon="118.072244"></trkpt>
<trkpt lat="24.446519" lon="118.072309"></trkpt>
<trkpt lat="24.446476" lon="118.0724"></trkpt>
<trkpt lat="24.446432" lon="118.072448"></trkpt>
<trkpt lat="24.446406" lon="118.072457"></trkpt>
<trkpt lat="24.446402" lon="118.072457"></trkpt>
<trkpt lat="24.446228" lon="118.073025"></trkpt>
<trkpt lat="24.446228" lon="118.073025"></trkpt>
<trkpt lat="24.44615" lon="118.073281"></trkpt>
<trkpt lat="24.44615" lon="118.073281"></trkpt>
<trkpt lat="24.446107" lon="118.073338"></trkpt>
<trkpt lat="24.445391" lon="118.073767"></trkpt>
<trkpt lat="24.445391" lon="118.073767"></trkpt>
<trkpt lat="24.445252" lon="118.073898"></trkpt>
<trkpt lat="24.445252" lon="118.073898"></trkpt>
<trkpt lat="24.444948" lon="118.074132"></trkpt>
<trkpt lat="24.444944" lon="118.074132"></trkpt>
<trkpt lat="24.445234" lon="118.074544"></trkpt>
<trkpt lat="24.445252" lon="118.074614"></trkpt>
<trkpt lat="24.44477" lon="118.075213"></trkpt>
<trkpt lat="24.444709" lon="118.075252"></trkpt>
<trkpt lat="24.444709" lon="118.075252"></trkpt>
<trkpt lat="24.444648" lon="118.075282"></trkpt>
<trkpt lat="24.444583" lon="118.075286"></trkpt>
<trkpt lat="24.444549" lon="118.075291"></trkpt>
<trkpt lat="24.444549" lon="118.075291"></trkpt>
<trkpt lat="24.444206" lon="118.075317"></trkpt>
<trkpt lat="24.444206" lon="118.075317"></trkpt>
<trkpt lat="24.444136" lon="118.075321"></trkpt>
<trkpt lat="24.444136" lon="118.075321"></trkpt>
<trkpt lat="24.443793" lon="118.075365"></trkpt>
<trkpt lat="24.443793" lon="118.075365"></trkpt>
<trkpt lat="24.443381" lon="118.075421"></trkpt>
<trkpt lat="24.442574" lon="118.075582"></trkpt>
<trkpt lat="24.442361" lon="118.075608"></trkpt>
<trkpt lat="24.442292" lon="118.075608"></trkpt>
<trkpt lat="24.442222" lon="118.075586"></trkpt>
<trkpt lat="24.442118" lon="118.075503"></trkpt>
<trkpt lat="24.442114" lon="118.075499"></trkpt>
<trkpt lat="24.441949" lon="118.075595"></trkpt>
<trkpt lat="24.441949" lon="118.075595"></trkpt>
<trkpt lat="24.441819" lon="118.075677"></trkpt>
<trkpt lat="24.441814" lon="118.075677"></trkpt>
<trkpt lat="24.441788" lon="118.075642"></trkpt>
<trkpt lat="24.441671" lon="118.075621"></trkpt>
<trkpt lat="24.441606" lon="118.075551"></trkpt>
<trkpt lat="24.441562" lon="118.07553"></trkpt>
<trkpt lat="24.441519" lon="118.075534"></trkpt>
<trkpt lat="24.441458" lon="118.07556"></trkpt>
<trkpt lat="24.441324" lon="118.075681"></trkpt>
<trkpt lat="24.441324" lon="118.075681"></trkpt>
<trkpt lat="24.441081" lon="118.075838"></trkpt>
<trkpt lat="24.441081" lon="118.075838"></trkpt>
<trkpt lat="24.441107" lon="118.075929"></trkpt>
</trkseg></trk>
</gpx>